,internal_temp,humidity,weight,surface_temp,fan_rpm,air_pressure,heater_state
0,27.01,56.06,4999.75,25.55,1742.9,15.216,1.0
1,28.59,57.22,4999.42,27.33,1754.6,15.348,1.0
2,30.23,56.28,4999.27,28.36,1695.5,14.403,1.0
3,32.59,54.71,4999.14,31.27,1690.6,14.654,1.0
4,34.14,54.85,4998.87,33.03,1754.4,15.101,1.0
5,36.11,51.01,4998.62,34.06,1717.5,14.605,1.0
6,38.16,49.51,4998.24,35.63,1753.7,15.187,1.0
7,40.13,46.71,4997.91,38.16,1715.4,14.808,1.0
8,42.35,44.46,4997.78,41.34,1680.1,14.678,1.0
9,44.55,43.59,4997.4,42.07,1774.8,15.491,1.0
10,46.14,42.37,4997.07,44.23,1716.5,14.788,1.0
11,47.66,43.61,4996.8,45.83,1765.1,15.386,1.0
12,49.99,40.74,4996.56,48.84,1738.2,15.284,1.0
13,51.86,38.56,4996.39,50.78,1779.5,15.393,1.0
14,53.78,35.89,4996.03,51.28,1671.3,14.306,1.0
15,56.08,34.55,4995.78,53.39,1744.4,15.156,1.0
16,57.63,31.89,4995.4,54.73,1742.6,15.089,1.0
17,59.78,31.29,4995.05,57.73,1742.7,15.567,1.0
18,61.65,30.41,4994.92,59.08,1742.2,15.281,1.0
19,63.64,28.23,4994.67,62.12,1695.1,14.54,1.0
20,65.19,27.2,4994.56,63.46,1753.8,15.468,1.0
21,67.35,24.25,4994.26,66.16,1715.6,14.749,1.0
22,69.31,25.44,4994.02,66.49,1745.4,14.925,1.0
23,71.34,24.66,4993.64,69.7,1762.0,15.212,1.0
24,73.38,21.92,4993.28,72.35,1692.1,14.558,1.0
25,75.15,20.49,4993.15,72.49,1732.4,14.926,1.0
26,77.04,20.37,4992.86,74.31,1740.5,14.946,1.0
27,79.39,16.33,4992.56,77.13,1678.2,14.841,1.0
28,80.0,16.49,4992.37,77.8,1718.3,15.14,1.0
29,80.0,14.86,4992.25,77.21,1721.7,14.898,1.0
30,80.0,17.04,4991.95,77.59,1721.9,14.712,1.0
31,80.0,17.11,4991.71,77.75,1713.7,14.957,1.0
32,80.0,15.81,4991.47,78.08,1718.3,15.307,1.0
33,80.0,16.29,4991.2,77.0,1748.1,15.296,1.0
34,80.0,15.25,4990.92,78.07,1688.0,14.649,1.0
35,80.0,16.09,4990.7,77.21,1726.3,14.977,1.0
36,80.0,15.55,4990.39,78.99,1748.3,15.5,1.0
37,80.0,15.64,4990.05,78.9,1742.2,15.058,1.0
38,80.0,14.0,4989.94,77.98,1722.6,14.637,1.0
39,80.0,13.92,4989.76,77.94,1743.9,15.153,1.0
40,80.0,17.04,4989.41,78.64,1763.2,14.881,1.0
41,80.0,15.06,4989.27,77.45,1738.9,15.069,1.0
42,80.0,14.22,4988.9,78.51,1728.8,14.994,1.0
43,80.0,15.32,4988.54,78.74,1777.4,15.188,1.0
44,80.0,14.84,4988.27,78.95,1725.4,14.757,1.0
45,80.0,16.31,4987.91,78.29,1736.1,15.038,1.0
46,80.0,16.99,4987.65,78.38,1794.0,15.712,1.0
47,80.0,16.32,4987.25,78.2,1736.6,14.837,1.0
48,80.0,14.14,4987.14,77.79,1719.7,14.743,1.0
49,80.0,16.69,4986.89,77.95,1717.6,14.79,1.0
50,80.0,15.41,4986.58,78.79,1715.8,15.129,1.0
51,80.0,16.32,4986.28,77.73,1714.3,14.804,1.0
52,80.0,16.71,4986.1,78.79,1716.2,14.814,1.0
53,80.0,16.89,4985.74,78.22,1713.3,14.855,1.0
54,80.0,13.75,4985.37,78.45,1745.2,15.118,1.0
55,80.0,15.88,4985.03,78.59,1715.7,14.973,1.0
56,80.0,14.94,4984.85,77.3,1726.1,14.533,1.0
57,80.0,15.49,4984.51,77.46,1709.0,14.787,1.0
58,80.0,14.21,4984.12,78.24,1710.0,14.619,1.0
59,80.0,16.42,4983.76,78.92,1744.1,14.883,1.0
60,80.0,16.68,4983.52,78.13,1703.9,14.533,1.0
61,80.0,17.19,4983.28,78.38,1746.8,15.046,1.0
62,80.0,15.78,4983.11,78.93,1715.0,14.831,1.0
63,80.0,16.39,4982.84,78.97,1729.4,15.344,1.0
64,80.0,15.05,4982.61,77.66,1707.0,14.459,1.0
65,80.0,15.87,4982.39,77.11,1698.2,14.527,1.0
66,80.0,16.15,4982.16,78.32,1721.3,14.901,1.0
67,80.0,18.08,4981.96,77.38,1727.4,14.929,1.0
68,80.0,14.9,4981.82,78.56,1744.7,15.243,1.0
69,80.0,16.35,4981.62,77.93,1732.2,14.677,1.0
70,80.0,15.59,4981.35,78.05,1741.1,15.121,1.0
71,80.0,14.25,4981.1,77.23,1737.3,14.974,1.0
72,80.0,16.52,4980.77,78.61,1725.7,15.072,1.0
73,80.0,15.32,4980.54,77.54,1762.1,15.356,1.0
74,80.0,15.37,4980.33,77.1,1732.9,14.5,1.0
75,80.0,15.88,4979.99,77.65,1777.8,15.843,1.0
76,80.0,17.29,4979.62,77.22,1739.4,15.161,1.0
77,80.0,16.09,4979.32,78.56,1718.7,15.034,1.0
78,80.0,15.3,4979.1,77.64,1722.7,15.089,1.0
79,80.0,14.54,4978.92,78.81,1750.2,15.009,1.0
80,80.0,16.35,4978.76,77.2,1748.8,15.051,1.0
81,80.0,17.55,4978.54,77.37,1725.9,14.986,1.0
82,80.0,15.84,4978.38,77.4,1730.7,15.087,1.0
83,80.0,17.15,4978.22,77.99,1741.1,14.958,1.0
84,80.0,14.82,4977.83,77.88,1668.4,14.443,1.0
85,80.0,16.23,4977.58,78.79,1737.5,15.321,1.0
86,80.0,16.18,4977.24,78.76,1759.7,15.179,1.0
87,80.0,16.12,4977.13,77.9,1761.1,15.547,1.0
88,80.0,16.03,4977.02,78.8,1777.9,15.478,1.0
89,80.0,14.44,4976.8,78.66,1747.1,15.269,1.0
90,80.0,15.23,4976.6,78.29,1742.4,14.927,1.0
91,80.0,14.09,4976.37,77.03,1758.0,14.987,1.0
92,80.0,15.91,4975.97,78.9,1693.8,14.907,1.0
93,80.0,15.83,4975.63,77.33,1744.3,15.119,1.0
94,80.0,14.68,4975.46,77.47,1722.2,14.772,1.0
95,80.0,17.94,4975.12,77.76,1762.5,15.502,1.0
96,80.0,15.45,4974.78,78.95,1721.2,14.887,1.0
97,80.0,15.37,4974.55,78.0,1668.5,14.565,1.0
98,80.0,15.69,4974.32,78.59,1695.0,14.198,1.0
99,80.0,15.69,4973.98,77.09,1716.5,14.388,1.0
100,80.0,15.65,4973.72,77.92,1746.5,14.97,1.0
101,80.0,15.63,4973.6,78.04,1745.5,15.098,1.0
102,80.0,15.81,4973.28,77.72,1725.6,15.153,1.0
103,80.0,15.8,4973.12,78.66,1714.7,15.012,1.0
104,80.0,14.36,4972.76,78.01,1720.1,15.241,1.0
105,80.0,15.57,4972.54,78.27,1704.3,14.828,1.0
106,80.0,16.64,4972.24,78.28,1719.8,14.704,1.0
107,80.0,16.5,4971.96,78.58,1748.7,15.132,1.0
108,80.0,14.73,4971.69,77.07,1696.3,14.725,1.0
109,80.0,13.09,4971.39,78.8,1710.3,14.642,1.0
110,80.0,16.96,4971.2,78.99,1757.2,15.383,1.0
111,80.0,17.09,4970.84,77.79,1747.2,14.854,1.0
112,80.0,15.9,4970.45,77.33,1753.2,15.018,1.0
113,80.0,15.93,4970.32,77.96,1713.8,14.685,1.0
114,80.0,13.64,4969.92,77.61,1700.8,14.758,1.0
115,80.0,16.55,4969.6,77.94,1759.5,15.141,1.0
116,80.0,17.5,4969.34,78.45,1751.7,15.097,1.0
117,80.0,17.99,4969.16,78.73,1726.3,14.816,1.0
118,80.0,14.09,4969.0,78.75,1735.5,15.231,1.0
119,80.0,16.39,4968.74,77.96,1720.0,14.971,1.0
120,80.0,13.74,4968.49,78.81,1731.1,14.907,1.0
121,80.0,16.51,4968.24,77.78,1718.7,14.78,1.0
122,80.0,15.09,4968.04,77.83,1704.2,14.485,1.0
123,80.0,18.12,4967.69,77.57,1742.1,15.163,1.0
124,80.0,16.0,4967.4,77.66,1711.1,14.588,1.0
125,80.0,13.99,4967.24,78.83,1764.0,15.342,1.0
126,80.0,16.89,4967.08,78.46,1736.5,14.995,1.0
127,80.0,14.1,4966.72,77.76,1752.5,15.497,1.0
128,80.0,16.5,4966.32,78.68,1734.9,14.945,1.0
129,80.0,16.0,4965.94,78.12,1753.0,15.061,1.0
130,80.0,15.33,4965.61,78.99,1758.6,15.478,1.0
131,80.0,16.71,4965.4,78.98,1726.6,15.159,1.0
132,80.0,15.3,4965.27,77.36,1725.1,14.929,1.0
133,80.0,16.2,4964.89,78.05,1734.5,15.166,1.0
134,80.0,17.68,4964.73,77.68,1727.8,14.948,1.0
135,80.0,16.76,4964.38,77.72,1711.2,14.851,1.0
136,80.0,16.14,4964.12,78.56,1731.5,14.926,1.0
137,80.0,17.12,4963.96,78.27,1789.1,15.602,1.0
138,80.0,17.5,4963.74,77.28,1726.2,14.872,1.0
139,80.0,15.0,4963.53,77.12,1724.1,14.767,1.0
140,80.0,15.3,4963.31,78.64,1735.7,15.483,1.0
141,80.0,15.83,4963.19,78.77,1689.5,14.517,1.0
142,80.0,15.78,4963.0,78.15,1710.8,14.74,1.0
143,80.0,16.27,4962.8,77.33,1725.5,14.787,1.0
144,80.0,13.95,4962.6,78.64,1728.3,14.835,1.0
145,80.0,15.26,4962.28,78.99,1721.9,15.281,1.0
146,80.0,15.46,4961.94,78.0,1730.9,15.177,1.0
147,80.0,15.34,4961.63,78.12,1738.1,14.869,1.0
148,80.0,15.27,4961.4,78.69,1722.1,14.677,1.0
149,80.0,15.99,4961.07,77.52,1699.3,14.214,1.0
150,80.0,16.21,4960.82,77.43,1715.1,14.944,1.0
151,80.0,15.41,4960.44,78.98,1757.3,15.016,1.0
152,80.0,14.19,4960.05,78.86,1749.8,15.302,1.0
153,80.0,15.24,4959.89,77.18,1748.9,14.81,1.0
154,80.0,15.81,4959.54,78.83,1747.1,15.364,1.0
155,80.0,14.98,4959.43,77.13,1709.7,14.932,1.0
156,80.0,16.73,4959.2,77.89,1731.0,15.195,1.0
157,80.0,15.76,4958.82,77.19,1729.8,14.858,1.0
158,80.0,16.1,4958.45,78.55,1732.7,15.193,1.0
159,80.0,15.12,4958.29,78.18,1676.6,14.428,1.0
160,80.0,15.76,4957.92,78.02,1726.8,15.076,1.0
161,80.0,16.34,4957.64,77.02,1675.3,14.454,1.0
162,80.0,16.13,4957.5,78.49,1740.3,14.476,1.0
163,80.0,16.85,4957.35,78.18,1726.5,15.116,1.0
164,80.0,16.7,4957.18,77.04,1705.5,14.7,1.0
165,80.0,15.2,4956.86,77.68,1744.5,15.432,1.0
166,80.0,15.96,4956.49,77.6,1748.5,15.492,1.0
167,80.0,15.73,4956.11,78.7,1726.4,14.845,1.0
168,80.0,16.0,4955.87,77.92,1698.8,14.872,1.0
169,80.0,17.54,4955.55,77.32,1746.5,15.225,1.0
170,80.0,17.15,4955.2,77.18,1683.2,13.965,1.0
171,80.0,14.99,4954.83,77.07,1729.2,14.936,1.0
172,80.0,14.15,4954.68,78.22,1725.0,14.715,1.0
173,80.0,17.86,4954.41,78.63,1770.7,15.131,1.0
174,80.0,15.61,4954.12,77.33,1711.7,14.55,1.0
175,80.0,16.78,4953.85,77.49,1719.4,14.703,1.0
176,80.0,16.63,4953.75,78.29,1734.5,14.83,1.0
177,80.0,13.86,4953.5,78.4,1739.9,14.636,1.0
178,80.0,16.82,4953.16,77.48,1757.9,15.162,1.0
179,80.0,14.56,4952.92,78.73,1711.0,14.729,1.0
180,80.0,14.48,4952.55,78.21,1724.4,14.806,1.0
181,80.0,15.6,4952.25,77.26,1722.7,15.063,1.0
182,80.0,17.21,4952.07,78.93,1685.6,14.518,1.0
183,80.0,14.43,4951.73,77.91,1745.0,15.51,1.0
184,80.0,17.0,4951.53,77.75,1715.7,15.156,1.0
185,80.0,14.58,4951.13,78.05,1749.5,15.091,1.0
186,80.0,16.78,4950.96,77.66,1742.2,15.151,1.0
187,80.0,13.93,4950.58,77.63,1723.1,14.821,1.0
188,80.0,16.76,4950.26,77.74,1711.4,14.876,1.0
189,80.0,16.1,4950.02,77.2,1732.7,14.783,1.0
190,80.0,15.73,4949.73,78.69,1732.2,15.044,1.0
191,80.0,16.31,4949.38,78.83,1712.6,14.722,1.0
192,80.0,15.02,4949.15,77.9,1755.2,15.228,1.0
193,80.0,15.81,4949.05,78.28,1744.8,15.231,1.0
194,80.0,15.28,4948.74,77.37,1741.0,15.146,1.0
195,80.0,16.86,4948.43,77.15,1713.5,14.511,1.0
196,80.0,16.78,4948.16,78.18,1744.4,15.212,1.0
197,80.0,15.04,4947.86,77.32,1749.6,15.182,1.0
198,80.0,14.92,4947.54,78.91,1780.8,15.565,1.0
199,80.0,15.61,4947.33,78.1,1716.2,14.846,1.0
200,79.93,16.35,4947.07,77.54,1705.8,14.838,2.0
201,79.95,16.97,4946.82,77.2,1715.3,14.851,2.0
202,80.04,16.69,4946.42,78.54,1735.6,14.93,2.0
203,80.34,14.8,4946.27,78.91,1766.6,15.243,2.0
204,80.28,15.3,4946.07,79.04,1715.1,14.964,2.0
205,79.68,14.45,4945.74,78.07,1719.9,15.449,2.0
206,80.15,15.49,4945.36,77.27,1725.5,15.381,2.0
207,79.63,16.03,4945.22,76.64,1758.4,15.263,2.0
208,79.6,15.35,4945.05,77.96,1718.8,15.209,2.0
209,80.31,15.91,4944.76,78.19,1729.0,15.14,2.0
210,79.65,16.52,4944.5,77.92,1781.0,15.397,2.0
211,79.73,16.32,4944.25,76.92,1724.2,14.792,2.0
212,79.97,15.03,4944.01,77.79,1698.8,14.663,2.0
213,80.42,16.7,4943.64,77.55,1702.1,14.73,2.0
214,80.26,15.6,4943.48,77.67,1778.8,15.479,2.0
215,79.56,16.43,4943.35,77.54,1729.6,14.975,2.0
216,79.6,15.58,4943.19,77.89,1770.2,14.954,2.0
217,80.23,15.11,4943.04,78.78,1756.1,15.276,2.0
218,79.92,18.13,4942.82,78.39,1701.6,14.452,2.0
219,79.73,16.85,4942.44,77.0,1681.1,14.722,2.0
220,79.87,15.64,4942.26,77.22,1779.6,15.108,2.0
221,79.75,14.36,4941.92,77.47,1722.4,15.095,2.0
222,80.21,16.56,4941.73,77.42,1694.5,14.617,2.0
223,80.44,15.81,4941.43,78.32,1710.1,14.62,2.0
224,79.77,16.99,4941.12,78.19,1754.7,14.99,2.0
225,80.32,15.57,4940.74,78.5,1761.6,15.217,2.0
226,79.74,15.45,4940.4,78.3,1702.1,14.802,2.0
227,79.6,15.87,4940.09,77.54,1739.3,15.216,2.0
228,80.38,14.98,4939.79,78.72,1700.7,14.572,2.0
229,80.41,16.82,4939.53,77.78,1730.1,15.49,2.0
230,79.78,17.25,4939.27,78.43,1733.5,15.095,2.0
231,80.09,17.04,4938.89,77.93,1733.8,15.132,2.0
232,79.88,16.26,4938.69,78.15,1726.0,14.858,2.0
233,80.28,15.99,4938.47,77.93,1728.3,15.125,2.0
234,80.28,14.66,4938.31,78.99,1748.1,15.374,2.0
235,79.76,15.56,4937.91,77.2,1702.5,14.895,2.0
236,79.88,14.95,4937.61,76.93,1738.6,15.274,2.0
237,79.95,16.6,4937.51,78.05,1733.5,14.825,2.0
238,80.19,16.47,4937.18,77.67,1727.4,14.797,2.0
239,80.16,15.08,4936.87,79.12,1717.7,14.877,2.0
240,79.55,16.23,4936.62,77.09,1734.5,14.522,2.0
241,80.39,16.65,4936.24,78.01,1736.8,14.887,2.0
242,79.85,15.03,4936.08,77.22,1692.7,14.634,2.0
243,80.33,14.13,4935.95,78.44,1734.5,14.904,2.0
244,80.46,17.17,4935.8,77.88,1745.9,15.335,2.0
245,80.47,15.15,4935.42,77.51,1754.8,15.433,2.0
246,80.07,15.43,4935.12,77.11,1747.3,15.23,2.0
247,80.14,19.07,4934.79,77.64,1736.6,15.325,2.0
248,79.75,15.41,4934.55,78.3,1722.1,14.885,2.0
249,80.0,16.38,4934.34,78.72,1718.8,15.042,2.0
250,80.01,16.15,4934.18,77.17,1725.9,15.151,2.0
251,80.2,15.12,4933.99,77.55,1717.4,14.792,2.0
252,80.25,16.07,4933.85,77.62,1740.9,15.454,2.0
253,80.34,14.94,4933.65,77.53,1744.6,15.052,2.0
254,80.26,15.51,4933.37,79.15,1737.8,15.021,2.0
255,80.01,17.05,4932.97,78.04,1712.4,15.003,2.0
256,79.66,15.52,4932.85,78.37,1743.1,15.574,2.0
257,79.5,15.96,4932.51,77.1,1706.4,14.726,2.0
258,79.53,16.0,4932.15,77.96,1723.5,14.774,2.0
259,79.68,15.97,4931.97,77.59,1775.3,15.602,2.0
260,79.74,16.39,4931.77,78.67,1757.0,15.247,2.0
261,79.56,16.62,4931.41,78.25,1753.1,15.196,2.0
262,80.05,15.85,4931.22,78.96,1742.5,15.234,2.0
263,80.39,15.92,4930.89,77.89,1717.9,15.062,2.0
264,80.41,14.02,4930.75,78.37,1721.4,14.773,2.0
265,80.04,17.83,4930.64,77.39,1746.1,15.065,2.0
266,79.66,15.0,4930.31,77.53,1765.0,15.234,2.0
267,79.73,17.7,4930.05,78.34,1786.2,15.401,2.0
268,80.32,13.75,4929.79,78.6,1743.3,14.996,2.0
269,80.18,15.3,4929.51,77.82,1708.4,14.665,2.0
270,79.82,15.42,4929.13,77.28,1765.4,15.126,2.0
271,80.07,15.13,4928.86,77.46,1716.7,14.758,2.0
272,80.25,16.55,4928.71,78.55,1752.3,15.268,2.0
273,79.59,15.42,4928.49,76.92,1732.4,15.343,2.0
274,79.52,15.57,4928.12,77.14,1744.3,15.184,2.0
275,79.92,15.91,4927.76,78.08,1740.3,14.911,2.0
276,80.05,16.82,4927.49,78.9,1717.4,14.965,2.0
277,80.06,15.42,4927.13,77.68,1757.2,15.428,2.0
278,80.38,16.69,4926.73,78.23,1717.5,14.956,2.0
279,79.94,16.63,4926.4,77.29,1723.2,14.854,2.0
280,79.94,15.36,4926.1,78.42,1733.9,15.054,2.0
281,80.19,17.66,4925.91,78.95,1757.0,15.296,2.0
282,80.18,14.69,4925.74,78.37,1729.2,15.125,2.0
283,80.23,15.88,4925.51,78.83,1727.5,15.097,2.0
284,80.21,16.8,4925.32,77.98,1728.0,14.64,2.0
285,79.83,16.11,4925.09,77.89,1753.9,15.213,2.0
286,79.88,15.52,4924.72,77.34,1739.7,15.16,2.0
287,80.21,17.37,4924.34,77.62,1731.4,15.103,2.0
288,79.51,15.9,4923.95,77.49,1738.1,15.004,2.0
289,80.44,15.81,4923.62,78.2,1740.7,14.848,2.0
290,80.0,18.23,4923.28,78.8,1726.0,14.886,2.0
291,80.15,18.8,4923.09,78.3,1762.2,15.174,2.0
292,79.84,14.8,4922.98,78.46,1756.2,14.914,2.0
293,80.44,14.44,4922.63,78.53,1744.1,15.261,2.0
294,80.41,14.23,4922.5,78.37,1709.0,14.802,2.0
295,79.72,17.3,4922.35,77.37,1738.1,14.73,2.0
296,79.91,16.41,4921.97,78.34,1753.5,15.333,2.0
297,79.56,17.24,4921.79,78.06,1731.8,14.748,2.0
298,80.19,17.31,4921.67,77.64,1756.2,15.206,2.0
299,80.49,15.41,4921.49,78.0,1773.9,15.365,2.0
300,80.11,15.96,4921.29,78.9,1740.0,15.044,2.0
301,80.48,15.85,4920.99,79.04,1722.2,15.093,2.0
302,79.53,17.48,4920.69,78.24,1699.6,14.308,2.0
303,79.94,16.19,4920.44,77.92,1742.3,15.293,2.0
304,80.35,15.96,4920.33,79.14,1740.3,15.042,2.0
305,80.42,16.19,4919.93,78.99,1746.2,14.98,2.0
306,79.77,15.93,4919.58,77.7,1681.9,14.62,2.0
307,80.33,14.13,4919.47,78.96,1711.5,14.526,2.0
308,79.91,14.67,4919.23,78.54,1735.4,15.033,2.0
309,80.36,16.37,4918.84,78.96,1726.4,14.732,2.0
310,80.26,14.68,4918.7,78.87,1747.6,15.268,2.0
311,80.41,14.36,4918.58,78.12,1785.2,15.618,2.0
312,80.04,16.41,4918.22,78.48,1710.4,14.899,2.0
313,79.65,14.68,4917.97,77.2,1763.4,15.345,2.0
314,79.73,16.37,4917.75,78.19,1763.1,15.141,2.0
315,80.29,15.7,4917.62,78.9,1719.1,14.831,2.0
316,79.89,16.13,4917.39,78.05,1762.7,15.284,2.0
317,80.19,15.91,4917.02,78.13,1740.4,14.865,2.0
318,79.97,15.52,4916.63,78.47,1757.1,15.634,2.0
319,79.82,14.48,4916.4,78.6,1742.3,15.107,2.0
320,80.04,13.48,4916.04,78.99,1759.4,15.547,2.0
321,79.77,15.92,4915.92,77.9,1721.6,14.767,2.0
322,79.66,16.8,4915.8,77.38,1752.7,15.291,2.0
323,80.37,15.54,4915.57,79.3,1694.9,14.597,2.0
324,80.46,16.48,4915.19,79.01,1735.9,14.886,2.0
325,80.19,14.96,4914.81,77.48,1769.4,15.513,2.0
326,80.43,15.44,4914.57,79.21,1711.1,14.82,2.0
327,79.88,16.52,4914.19,76.94,1720.2,15.149,2.0
328,80.18,15.94,4913.92,78.49,1750.4,15.162,2.0
329,79.56,17.54,4913.75,77.59,1717.8,14.78,2.0
330,80.49,15.52,4913.45,78.4,1725.1,15.272,2.0
331,79.54,16.07,4913.2,77.7,1773.6,15.59,2.0
332,80.3,15.14,4913.05,77.75,1742.7,15.173,2.0
333,79.69,15.85,4912.86,77.49,1701.6,14.606,2.0
334,79.65,15.98,4912.76,78.11,1728.8,15.205,2.0
335,79.78,19.19,4912.51,77.82,1737.5,15.214,2.0
336,79.57,16.94,4912.22,77.98,1731.9,15.373,2.0
337,79.89,16.33,4911.83,77.91,1742.6,15.136,2.0
338,80.27,16.2,4911.54,78.34,1726.4,15.213,2.0
339,80.07,16.75,4911.35,78.96,1731.3,15.173,2.0
340,79.75,16.2,4911.03,76.79,1700.0,14.714,2.0
341,79.64,15.42,4910.82,76.65,1738.9,15.017,2.0
342,79.86,15.33,4910.67,77.8,1738.7,15.264,2.0
343,80.12,15.92,4910.55,77.2,1703.7,14.874,2.0
344,79.58,13.89,4910.23,77.12,1719.6,14.916,2.0
345,80.25,17.13,4909.91,77.49,1705.3,14.53,2.0
346,79.6,16.08,4909.66,77.3,1758.2,15.454,2.0
347,79.74,14.82,4909.54,78.11,1678.2,14.096,2.0
348,79.9,17.39,4909.32,78.49,1740.4,15.156,2.0
349,80.16,14.47,4909.2,77.42,1750.2,15.051,2.0
350,79.54,15.06,4908.87,77.66,1747.9,14.907,2.0
351,80.43,14.16,4908.65,77.78,1726.4,14.869,2.0
352,80.18,16.46,4908.31,78.84,1724.6,15.043,2.0
353,80.42,15.11,4908.13,77.69,1750.2,15.08,2.0
354,79.74,17.42,4907.91,77.82,1778.1,15.767,2.0
355,79.64,16.62,4907.52,76.84,1679.1,14.602,2.0
356,79.89,16.37,4907.22,78.81,1756.3,15.024,2.0
357,79.61,14.66,4906.94,78.15,1747.3,15.145,2.0
358,80.11,15.44,4906.7,78.73,1719.2,15.067,2.0
359,79.72,15.19,4906.57,77.14,1741.7,15.313,2.0
360,79.64,16.83,4906.17,77.29,1704.0,14.701,2.0
361,79.77,15.74,4905.79,76.99,1745.4,15.414,2.0
362,80.21,14.61,4905.5,77.44,1735.2,14.964,2.0
363,80.23,17.07,4905.12,77.9,1746.3,14.675,2.0
364,79.93,17.04,4904.74,78.7,1748.0,15.168,2.0
365,79.69,14.33,4904.4,76.71,1739.4,15.138,2.0
366,80.16,15.49,4904.24,79.0,1736.2,14.806,2.0
367,79.81,13.95,4903.92,78.77,1720.2,15.059,2.0
368,79.89,15.69,4903.76,78.0,1731.3,15.15,2.0
369,80.36,17.32,4903.47,77.75,1721.0,14.939,2.0
370,79.86,14.41,4903.15,78.23,1699.4,14.487,2.0
371,80.15,16.61,4902.96,77.2,1723.6,15.119,2.0
372,80.0,15.69,4902.71,77.55,1695.4,14.775,2.0
373,79.75,16.96,4902.49,77.97,1730.4,15.276,2.0
374,79.57,15.6,4902.18,78.34,1689.2,14.363,2.0
375,80.33,14.95,4902.03,77.97,1740.7,15.587,2.0
376,79.95,14.83,4901.75,77.06,1729.9,15.106,2.0
377,79.63,17.04,4901.45,76.82,1725.2,14.964,2.0
378,79.75,15.7,4901.14,76.82,1767.0,15.37,2.0
379,79.76,17.22,4900.94,77.76,1753.6,14.766,2.0
380,80.09,15.63,4900.63,77.87,1745.7,15.271,2.0
381,79.92,15.53,4900.5,78.27,1731.8,14.839,2.0
382,80.1,17.27,4900.17,78.02,1766.6,15.3,2.0
383,79.77,16.5,4899.86,77.22,1693.3,14.748,2.0
384,80.17,16.53,4899.54,78.48,1711.8,14.686,2.0
385,79.97,18.49,4899.35,77.33,1708.0,14.541,2.0
386,80.05,14.39,4899.02,78.96,1741.0,15.028,2.0
387,79.56,15.33,4898.79,77.54,1753.7,15.377,2.0
388,80.09,15.27,4898.65,77.5,1718.3,15.1,2.0
389,79.99,16.78,4898.31,78.67,1706.4,14.731,2.0
390,80.02,16.55,4897.96,77.26,1751.2,15.144,2.0
391,79.94,16.69,4897.83,78.17,1769.4,15.411,2.0
392,80.37,15.3,4897.67,78.44,1693.1,14.751,2.0
393,79.58,16.04,4897.36,77.3,1776.7,15.614,2.0
394,79.84,16.54,4897.01,77.21,1744.7,15.216,2.0
395,80.26,14.83,4896.71,77.55,1766.9,15.61,2.0
396,80.41,15.7,4896.51,77.48,1745.6,14.958,2.0
397,79.96,15.28,4896.34,77.17,1751.8,15.143,2.0
398,79.71,16.25,4895.95,77.89,1731.5,14.996,2.0
399,80.08,17.18,4895.6,78.16,1741.0,14.761,2.0
400,79.88,15.63,4895.32,77.8,1773.6,15.489,2.0
401,80.17,15.23,4894.98,77.41,1735.6,15.121,2.0
402,79.7,15.88,4894.7,78.09,1715.7,15.055,2.0
403,80.02,16.44,4894.4,78.01,1730.8,14.689,2.0
404,80.1,15.76,4894.29,77.27,1763.3,15.458,2.0
405,79.54,17.54,4894.0,77.3,1730.4,15.186,2.0
406,80.35,16.82,4893.6,77.97,1743.8,15.384,2.0
407,80.48,15.69,4893.37,78.81,1757.1,15.028,2.0
408,80.13,16.67,4892.99,77.18,1785.4,15.329,2.0
409,79.78,16.1,4892.7,77.68,1747.1,15.19,2.0
410,80.01,15.14,4892.59,78.92,1712.0,14.633,2.0
411,80.44,15.55,4892.22,78.58,1749.2,15.064,2.0
412,79.82,14.62,4891.94,78.47,1731.4,14.935,2.0
413,80.48,15.25,4891.65,79.07,1725.5,15.211,2.0
414,80.16,16.58,4891.26,78.61,1695.1,14.649,2.0
415,80.49,15.6,4890.9,78.22,1716.2,15.128,2.0
416,80.06,14.75,4890.7,77.69,1728.7,15.174,2.0
417,80.48,14.19,4890.39,78.96,1795.2,15.758,2.0
418,79.56,18.55,4890.08,76.81,1748.4,15.324,2.0
419,79.83,15.1,4889.8,78.82,1734.6,14.835,2.0
420,80.47,16.17,4889.66,79.07,1743.8,15.272,2.0
421,80.09,15.47,4889.33,78.57,1725.9,15.222,2.0
422,79.91,14.68,4888.93,78.36,1710.6,14.801,2.0
423,79.51,17.08,4888.83,78.44,1773.1,15.195,2.0
424,80.11,15.83,4888.55,77.61,1753.3,15.333,2.0
425,80.03,14.84,4888.27,77.16,1737.7,15.089,2.0
426,80.17,15.41,4888.13,77.4,1768.7,15.524,2.0
427,80.0,15.89,4887.85,78.29,1738.3,15.213,2.0
428,79.56,16.3,4887.71,77.54,1723.9,15.111,2.0
429,79.77,16.83,4887.33,78.47,1709.6,14.888,2.0
430,80.36,16.89,4887.2,78.56,1753.8,15.174,2.0
431,79.54,16.89,4886.97,77.93,1713.2,14.664,2.0
432,80.32,15.04,4886.63,78.75,1704.6,14.532,2.0
433,80.22,15.66,4886.47,77.81,1709.5,14.715,2.0
434,80.18,15.52,4886.29,77.22,1773.3,15.28,2.0
435,79.92,16.14,4885.94,77.97,1739.5,15.305,2.0
436,80.01,17.66,4885.8,77.44,1711.5,14.87,2.0
437,79.85,17.01,4885.52,77.33,1716.5,14.485,2.0
438,79.74,16.32,4885.27,78.16,1746.3,15.147,2.0
439,80.02,16.65,4884.92,78.0,1755.5,15.229,2.0
440,79.62,15.96,4884.57,78.39,1708.6,14.714,2.0
441,80.03,14.58,4884.36,77.73,1707.0,14.679,2.0
442,80.05,13.76,4884.03,78.28,1692.0,14.491,2.0
443,80.2,18.44,4883.88,77.27,1750.4,15.293,2.0
444,80.32,16.61,4883.72,78.04,1731.1,14.989,2.0
445,80.46,15.97,4883.53,78.71,1741.4,15.041,2.0
446,79.93,16.73,4883.16,77.41,1721.5,14.845,2.0
447,80.13,16.73,4882.91,77.53,1762.8,15.434,2.0
448,80.01,13.67,4882.79,77.37,1706.4,14.904,2.0
449,80.19,16.41,4882.46,78.71,1719.4,14.84,2.0
450,80.1,14.6,4882.31,77.98,1748.4,15.303,2.0
451,80.44,16.28,4882.06,78.74,1727.1,14.893,2.0
452,79.66,16.1,4881.9,77.66,1718.0,15.0,2.0
453,79.67,16.82,4881.52,77.44,1763.8,15.642,2.0
454,80.46,14.86,4881.36,78.11,1767.1,15.501,2.0
455,79.63,17.05,4881.18,77.92,1748.0,15.175,2.0
456,80.3,15.61,4880.85,77.88,1741.5,15.023,2.0
457,80.22,15.64,4880.65,78.87,1716.2,14.964,2.0
458,79.77,16.03,4880.53,76.77,1743.8,15.089,2.0
459,79.94,15.18,4880.13,77.52,1768.0,15.421,2.0
460,79.74,15.5,4879.77,76.85,1736.1,15.126,2.0
461,79.73,16.9,4879.66,78.03,1712.1,14.651,2.0
462,80.37,16.33,4879.27,77.55,1760.6,15.337,2.0
463,79.7,16.1,4879.01,78.51,1731.2,14.871,2.0
464,80.02,13.89,4878.71,78.11,1754.4,15.207,2.0
465,79.73,16.38,4878.42,78.38,1792.8,15.578,2.0
466,80.14,15.96,4878.29,78.94,1747.8,15.207,2.0
467,80.34,15.35,4877.99,77.34,1750.6,15.27,2.0
468,79.89,16.3,4877.88,77.2,1712.3,14.606,2.0
469,79.66,16.06,4877.6,76.9,1672.9,14.201,2.0
470,79.8,16.21,4877.37,77.62,1719.6,14.919,2.0
471,79.59,17.67,4877.24,77.51,1756.2,15.022,2.0
472,79.54,18.51,4876.88,78.16,1732.1,15.048,2.0
473,80.08,15.44,4876.7,77.87,1765.2,15.636,2.0
474,79.69,17.72,4876.45,78.01,1716.4,14.618,2.0
475,79.65,17.0,4876.29,76.87,1735.0,15.355,2.0
476,79.96,16.29,4875.97,77.05,1737.5,15.249,2.0
477,80.36,15.0,4875.64,77.68,1694.2,14.539,2.0
478,80.29,15.72,4875.51,78.17,1724.2,14.736,2.0
479,79.7,16.01,4875.11,77.48,1734.1,15.395,2.0
480,80.27,16.52,4874.73,77.72,1750.7,15.334,2.0
481,80.19,15.52,4874.48,78.94,1754.9,14.924,2.0
482,79.7,16.91,4874.37,78.32,1753.2,15.202,2.0
483,80.24,14.95,4874.01,79.03,1741.4,15.209,2.0
484,80.22,16.11,4873.62,78.89,1754.9,15.118,2.0
485,79.64,15.9,4873.28,78.52,1722.7,15.038,2.0
486,79.94,15.95,4873.05,77.89,1743.7,15.079,2.0
487,79.86,15.01,4872.68,77.74,1691.3,14.466,2.0
488,80.37,15.72,4872.57,77.64,1754.5,14.933,2.0
489,80.03,14.55,4872.38,78.35,1752.3,14.967,2.0
490,79.71,18.0,4872.23,77.85,1725.7,14.859,2.0
491,80.3,17.68,4871.9,78.45,1781.0,15.695,2.0
492,80.26,15.32,4871.57,77.57,1772.4,15.585,2.0
493,80.5,15.04,4871.29,78.88,1757.5,15.596,2.0
494,79.63,15.55,4871.15,76.84,1731.6,15.113,2.0
495,80.03,16.25,4870.87,77.43,1716.6,14.999,2.0
496,79.81,15.51,4870.74,77.94,1727.9,15.083,2.0
497,80.49,14.1,4870.48,77.63,1731.6,15.065,2.0
498,79.58,16.22,4870.16,76.64,1747.2,15.136,2.0
499,80.07,15.58,4870.03,78.55,1723.6,14.979,2.0
500,79.82,17.11,4869.68,78.73,1761.3,15.216,2.0
501,80.34,14.88,4869.49,79.15,1705.1,14.778,2.0
502,79.68,16.07,4869.35,77.68,1705.7,14.715,2.0
503,80.15,15.84,4869.14,77.55,1770.2,15.579,2.0
504,80.16,16.48,4868.94,77.17,1737.7,15.052,2.0
505,80.25,13.77,4868.7,77.32,1765.0,15.16,2.0
506,79.6,16.41,4868.43,77.64,1742.9,15.018,2.0
507,79.68,16.26,4868.13,77.87,1747.8,14.783,2.0
508,79.78,16.94,4867.95,76.79,1780.9,15.396,2.0
509,79.81,18.21,4867.78,78.77,1737.2,15.019,2.0
510,80.45,16.22,4867.56,77.98,1751.1,15.055,2.0
511,80.43,16.53,4867.43,78.99,1758.2,15.038,2.0
512,79.54,15.84,4867.19,77.67,1741.9,15.118,2.0
513,80.36,16.71,4867.02,77.4,1678.5,14.385,2.0
514,79.71,14.45,4866.92,77.16,1731.9,15.073,2.0
515,79.62,17.25,4866.61,77.1,1717.3,14.283,2.0
516,79.66,17.15,4866.4,76.98,1727.9,15.149,2.0
517,80.29,15.81,4866.16,78.13,1729.6,15.082,2.0
518,79.8,18.47,4865.96,78.53,1701.9,14.787,2.0
519,79.95,14.8,4865.6,78.68,1712.4,15.035,2.0
520,80.21,15.81,4865.46,78.26,1718.4,14.806,2.0
521,79.99,15.37,4865.28,78.27,1723.9,15.26,2.0
522,80.03,15.27,4865.13,78.23,1739.8,14.855,2.0
523,80.13,14.72,4864.84,77.79,1738.2,15.298,2.0
524,80.28,16.25,4864.68,79.06,1740.5,15.178,2.0
525,79.97,15.85,4864.56,78.58,1695.6,14.682,2.0
526,79.63,16.81,4864.46,77.07,1703.6,14.703,2.0
527,79.62,16.11,4864.33,76.71,1725.1,14.624,2.0
528,79.87,16.02,4864.13,77.45,1743.5,15.469,2.0
529,80.27,16.47,4864.01,77.48,1696.3,14.888,2.0
530,79.87,16.22,4863.89,78.06,1703.3,14.933,2.0
531,79.64,15.32,4863.58,76.85,1748.6,14.831,2.0
532,79.71,15.94,4863.18,78.12,1758.7,15.275,2.0
533,79.58,16.42,4862.86,77.48,1738.6,15.237,2.0
534,80.06,15.08,4862.62,77.21,1752.8,15.19,2.0
535,79.57,15.82,4862.43,76.95,1758.8,14.91,2.0
536,79.6,17.39,4862.28,77.17,1740.6,15.193,2.0
537,79.92,15.6,4861.91,78.71,1732.5,14.919,2.0
538,79.95,15.96,4861.56,78.64,1702.4,14.694,2.0
539,80.22,15.87,4861.27,78.7,1741.9,14.871,2.0
540,79.91,16.23,4861.0,78.45,1707.2,14.755,2.0
541,79.81,17.25,4860.74,77.09,1676.8,14.366,2.0
542,79.62,18.74,4860.38,77.31,1754.4,15.312,2.0
543,79.88,14.54,4860.06,78.12,1716.8,14.647,2.0
544,80.06,16.75,4859.85,77.27,1758.1,15.681,2.0
545,80.32,16.83,4859.63,77.86,1723.6,15.194,2.0
546,79.57,19.08,4859.5,77.8,1736.1,15.043,2.0
547,80.29,14.57,4859.39,77.36,1774.2,15.651,2.0
548,80.14,16.0,4859.08,78.78,1700.4,14.72,2.0
549,79.53,16.53,4858.97,78.33,1713.6,14.415,2.0
550,80.16,13.74,4858.61,77.23,1692.8,15.027,2.0
551,79.7,16.03,4858.51,77.72,1702.9,14.337,2.0
552,80.01,17.18,4858.4,78.33,1756.7,15.193,2.0
553,80.26,14.94,4858.11,78.37,1734.9,15.233,2.0
554,80.39,16.01,4857.79,78.58,1737.2,15.08,2.0
555,79.74,16.91,4857.68,77.7,1750.8,15.236,2.0
556,79.89,15.02,4857.41,78.3,1756.4,15.333,2.0
557,79.96,16.05,4857.14,78.22,1749.1,15.101,2.0
558,79.85,15.84,4856.91,78.81,1696.6,14.605,2.0
559,79.51,17.5,4856.65,77.43,1734.2,15.104,2.0
560,79.58,15.85,4856.32,78.26,1725.1,14.978,2.0
561,79.64,17.77,4856.01,76.93,1774.6,15.422,2.0
562,79.76,17.31,4855.79,78.51,1738.0,15.049,2.0
563,80.41,17.29,4855.41,77.8,1710.0,14.601,2.0
564,80.22,16.88,4855.03,77.61,1700.3,14.555,2.0
565,80.3,14.24,4854.88,79.12,1672.9,14.466,2.0
566,80.21,15.7,4854.72,77.23,1739.4,14.833,2.0
567,79.81,17.92,4854.51,78.42,1729.6,14.932,2.0
568,80.38,16.95,4854.14,77.58,1749.3,14.987,2.0
569,80.34,16.61,4854.0,77.5,1738.9,15.276,2.0
570,79.59,15.93,4853.76,76.85,1729.6,15.047,2.0
571,80.09,17.23,4853.52,77.65,1726.9,15.126,2.0
572,80.34,15.97,4853.2,78.55,1720.1,15.17,2.0
573,80.24,15.88,4852.91,77.75,1720.3,14.892,2.0
574,79.98,16.32,4852.74,77.67,1713.7,14.438,2.0
575,80.19,17.19,4852.36,78.59,1704.1,14.637,2.0
576,80.36,16.07,4852.07,79.36,1728.6,14.931,2.0
577,79.7,17.11,4851.91,78.3,1696.9,14.724,2.0
578,79.76,16.66,4851.71,78.47,1736.9,14.886,2.0
579,80.08,13.8,4851.43,77.46,1726.7,15.028,2.0
580,80.1,16.13,4851.31,77.56,1751.4,15.321,2.0
581,80.22,15.53,4850.92,78.38,1718.1,14.76,2.0
582,79.8,15.95,4850.54,77.39,1718.3,14.745,2.0
583,79.74,17.28,4850.34,77.62,1773.3,15.374,2.0
584,80.46,15.2,4850.21,77.69,1745.1,15.128,2.0
585,79.65,16.71,4849.82,77.08,1754.4,14.98,2.0
586,80.46,15.6,4849.53,77.95,1741.4,15.207,2.0
587,80.07,15.58,4849.34,78.63,1694.3,14.204,2.0
588,80.07,16.79,4849.2,77.37,1729.4,14.62,2.0
589,79.78,16.09,4849.09,78.36,1713.8,15.265,2.0
590,79.78,15.46,4848.98,77.9,1742.9,15.324,2.0
591,80.34,16.98,4848.72,78.84,1725.8,14.469,2.0
592,79.66,16.38,4848.38,77.61,1716.6,14.731,2.0
593,79.98,16.99,4848.1,77.5,1730.8,14.625,2.0
594,80.37,15.81,4847.79,78.66,1735.5,15.165,2.0
595,80.13,15.5,4847.42,78.91,1729.5,15.367,2.0
596,80.45,15.96,4847.11,79.44,1706.3,14.552,2.0
597,79.94,16.43,4846.91,78.81,1737.2,15.283,2.0
598,79.8,14.5,4846.53,78.19,1743.0,14.847,2.0
599,79.94,13.65,4846.15,77.47,1699.7,14.644,2.0
600,80.34,14.12,4845.93,77.81,1692.8,14.736,2.0
601,79.79,16.15,4845.83,77.97,1755.0,15.321,2.0
602,79.99,17.62,4845.58,77.49,1774.8,15.17,2.0
603,80.36,14.82,4845.2,78.69,1758.1,15.187,2.0
604,79.85,16.11,4845.04,77.12,1702.6,14.576,2.0
605,79.94,16.61,4844.83,77.37,1716.6,14.748,2.0
606,80.42,14.9,4844.72,79.02,1757.5,15.226,2.0
607,79.69,14.6,4844.56,77.77,1712.3,14.82,2.0
608,79.9,15.31,4844.18,78.76,1719.7,14.61,2.0
609,79.77,16.63,4844.04,76.82,1770.0,15.416,2.0
610,79.68,15.48,4843.69,77.41,1698.9,14.507,2.0
611,79.93,15.91,4843.39,77.46,1753.5,15.097,2.0
612,79.57,16.16,4843.11,77.57,1793.0,15.718,2.0
613,79.82,15.81,4842.87,77.6,1737.8,15.354,2.0
614,79.9,16.45,4842.61,78.86,1752.8,15.133,2.0
615,80.42,15.65,4842.31,78.24,1704.5,14.824,2.0
616,79.65,17.45,4842.13,77.16,1736.0,15.596,2.0
617,79.5,17.79,4841.98,76.55,1732.6,14.961,2.0
618,79.52,15.94,4841.72,78.12,1733.0,15.086,2.0
619,80.41,15.94,4841.33,78.6,1714.7,15.085,2.0
620,80.18,13.77,4841.04,78.01,1735.7,15.489,2.0
621,79.77,16.2,4840.86,78.02,1761.8,15.392,2.0
622,80.4,16.41,4840.74,78.78,1734.4,14.956,2.0
623,80.16,14.95,4840.53,77.72,1767.2,15.269,2.0
624,80.42,15.38,4840.14,77.69,1707.8,14.704,2.0
625,80.49,16.64,4839.77,78.15,1707.3,14.68,2.0
626,80.36,15.32,4839.65,78.17,1727.9,14.756,2.0
627,80.02,16.32,4839.31,78.72,1718.5,14.964,2.0
628,79.89,16.46,4839.19,78.5,1745.5,15.081,2.0
629,80.26,16.48,4838.91,78.77,1743.7,14.924,2.0
630,80.3,16.55,4838.66,78.12,1759.3,15.485,2.0
631,79.8,17.05,4838.42,77.18,1748.3,15.114,2.0
632,79.59,17.16,4838.28,78.47,1701.1,14.82,2.0
633,79.57,17.3,4838.07,77.9,1714.9,15.054,2.0
634,79.57,15.78,4837.69,76.87,1779.1,15.464,2.0
635,79.7,16.87,4837.42,77.54,1700.1,14.948,2.0
636,80.05,16.83,4837.13,78.5,1729.7,14.892,2.0
637,79.5,18.07,4836.78,77.48,1681.7,14.487,2.0
638,80.46,14.13,4836.41,78.02,1687.4,14.46,2.0
639,79.56,13.78,4836.08,76.72,1702.2,14.836,2.0
640,79.79,14.86,4835.96,77.27,1747.4,15.438,2.0
641,79.77,15.9,4835.83,77.41,1714.5,14.876,2.0
642,80.4,16.71,4835.66,77.49,1719.3,14.653,2.0
643,80.06,15.63,4835.42,77.51,1747.0,15.172,2.0
644,80.33,16.59,4835.26,78.77,1742.5,15.45,2.0
645,79.89,15.25,4835.02,77.85,1714.9,14.548,2.0
646,79.51,16.36,4834.75,76.8,1726.2,15.118,2.0
647,79.54,16.58,4834.55,78.45,1745.5,15.344,2.0
648,79.81,16.93,4834.39,77.26,1735.9,14.924,2.0
649,79.64,16.07,4834.12,78.52,1754.4,15.219,2.0
650,79.91,15.82,4833.89,78.34,1702.4,14.814,2.0
651,80.11,17.4,4833.75,77.73,1715.1,14.988,2.0
652,80.09,17.59,4833.39,77.67,1721.0,15.171,2.0
653,80.37,17.45,4833.14,77.38,1730.7,14.806,2.0
654,80.21,14.9,4832.77,78.58,1763.5,15.2,2.0
655,79.78,16.18,4832.38,76.87,1759.9,15.684,2.0
656,79.53,17.03,4832.2,77.9,1726.6,15.108,2.0
657,79.99,17.4,4832.09,77.02,1745.6,15.501,2.0
658,79.96,15.55,4831.92,78.71,1722.1,15.209,2.0
659,79.64,18.35,4831.71,77.8,1746.0,14.937,2.0
660,80.12,17.2,4831.52,78.0,1704.9,14.869,2.0
661,80.33,15.56,4831.28,78.65,1735.2,14.892,2.0
662,79.84,16.54,4831.06,76.9,1743.9,15.38,2.0
663,80.17,15.67,4830.7,77.5,1747.2,14.916,2.0
664,80.47,14.4,4830.49,78.09,1738.1,15.077,2.0
665,79.59,17.85,4830.33,76.75,1710.9,15.212,2.0
666,79.62,16.17,4830.01,77.56,1749.5,15.102,2.0
667,80.28,16.07,4829.82,78.62,1760.8,15.346,2.0
668,80.37,16.14,4829.68,78.95,1727.3,14.847,2.0
669,80.32,14.7,4829.5,77.6,1719.1,14.861,2.0
670,79.77,15.86,4829.12,78.64,1706.1,14.743,2.0
671,79.75,15.52,4828.98,77.37,1762.9,15.305,2.0
672,79.96,15.0,4828.83,78.13,1762.0,15.484,2.0
673,80.02,17.06,4828.67,78.01,1722.2,14.733,2.0
674,80.23,16.48,4828.32,78.38,1739.1,15.182,2.0
675,80.24,14.87,4828.06,78.35,1733.1,14.949,2.0
676,80.32,15.84,4827.88,78.46,1701.5,14.533,2.0
677,80.16,14.87,4827.67,77.43,1754.3,15.304,2.0
678,80.43,14.33,4827.4,77.63,1730.2,15.141,2.0
679,80.23,16.76,4827.17,78.73,1731.4,14.753,2.0
680,80.17,15.0,4826.82,78.86,1765.2,15.48,2.0
681,79.62,16.43,4826.54,78.1,1766.3,15.138,2.0
682,79.79,16.17,4826.35,77.23,1744.1,15.226,2.0
683,79.62,16.11,4825.98,76.9,1741.8,15.12,2.0
684,80.0,16.73,4825.81,77.88,1729.2,14.911,2.0
685,79.85,17.29,4825.43,77.99,1733.9,14.88,2.0
686,80.12,14.78,4825.19,77.32,1741.9,14.734,2.0
687,80.23,16.62,4825.01,78.48,1739.5,15.011,2.0
688,79.91,16.71,4824.79,77.26,1730.1,15.206,2.0
689,79.9,17.24,4824.51,77.74,1767.9,15.434,2.0
690,80.4,15.9,4824.19,79.04,1718.5,14.656,2.0
691,79.98,15.57,4824.02,77.99,1731.8,14.733,2.0
692,80.0,17.2,4823.67,77.95,1704.0,14.509,2.0
693,79.72,15.9,4823.57,78.61,1755.9,14.885,2.0
694,79.98,16.88,4823.4,77.28,1736.5,15.133,2.0
695,80.04,14.52,4823.16,78.95,1731.0,15.065,2.0
696,80.43,16.13,4822.94,79.35,1712.5,14.77,2.0
697,79.67,17.91,4822.79,78.19,1704.6,14.895,2.0
698,79.75,16.03,4822.42,78.23,1710.1,14.747,2.0
699,80.18,15.22,4822.03,77.45,1716.6,15.115,2.0
700,80.29,15.35,4821.71,79.18,1709.9,14.335,2.0
701,79.52,16.77,4821.55,77.62,1724.8,15.353,2.0
702,80.22,15.88,4821.24,78.72,1711.1,14.547,2.0
703,80.38,14.99,4820.91,77.68,1723.4,14.667,2.0
704,79.88,18.33,4820.73,78.25,1701.0,14.746,2.0
705,80.18,15.33,4820.46,77.43,1727.1,15.062,2.0
706,80.36,16.17,4820.15,78.84,1726.5,14.718,2.0
707,79.94,16.66,4820.0,78.87,1691.1,14.753,2.0
708,80.03,14.74,4819.7,77.44,1721.9,14.328,2.0
709,80.34,14.92,4819.57,78.0,1784.4,15.317,2.0
710,80.38,16.5,4819.47,79.06,1740.2,15.115,2.0
711,79.92,18.41,4819.27,78.27,1735.8,15.14,2.0
712,79.82,14.34,4819.15,78.63,1756.1,15.367,2.0
713,79.53,14.62,4819.0,77.65,1716.8,14.76,2.0
714,79.94,15.58,4818.66,78.36,1718.6,14.55,2.0
715,79.5,17.29,4818.39,76.88,1750.1,15.069,2.0
716,79.85,17.68,4818.08,78.55,1766.2,15.314,2.0
717,80.1,16.85,4817.97,78.45,1717.8,15.043,2.0
718,80.17,14.51,4817.78,78.77,1752.8,15.3,2.0
719,80.31,15.55,4817.5,78.96,1739.0,15.296,2.0
720,80.03,16.96,4817.35,79.02,1730.9,14.578,2.0
721,79.88,15.96,4817.08,78.01,1692.3,14.619,2.0
722,80.35,17.44,4816.93,78.38,1800.4,15.569,2.0
723,79.74,17.68,4816.76,77.83,1776.7,15.538,2.0
724,79.74,15.22,4816.55,77.08,1707.2,15.257,2.0
725,79.57,15.22,4816.22,78.46,1721.9,15.151,2.0
726,80.4,16.98,4815.94,77.66,1711.2,14.893,2.0
727,79.52,15.64,4815.78,77.45,1720.4,14.949,2.0
728,80.19,16.36,4815.41,78.73,1720.4,15.037,2.0
729,79.82,15.03,4815.02,77.16,1724.8,14.881,2.0
730,79.78,16.01,4814.88,77.17,1706.1,14.831,2.0
731,79.75,13.76,4814.67,78.46,1741.8,15.027,2.0
732,79.81,14.89,4814.48,77.07,1713.4,14.439,2.0
733,79.94,15.8,4814.16,77.51,1714.1,14.983,2.0
734,80.34,15.79,4814.01,77.41,1736.1,15.285,2.0
735,79.58,16.54,4813.86,76.81,1711.3,14.613,2.0
736,80.03,16.58,4813.63,77.61,1742.6,14.764,2.0
737,79.84,16.9,4813.41,78.59,1691.2,14.387,2.0
738,79.82,17.3,4813.07,77.61,1714.4,14.537,2.0
739,80.21,16.18,4812.8,79.14,1751.8,15.412,2.0
740,80.37,18.26,4812.47,78.78,1701.1,14.576,2.0
741,80.38,15.51,4812.3,78.3,1724.7,14.879,2.0
742,80.35,15.51,4812.01,77.35,1721.7,14.725,2.0
743,79.82,15.11,4811.7,78.41,1736.9,15.268,2.0
744,79.69,17.03,4811.56,78.18,1717.7,14.624,2.0
745,79.77,16.28,4811.4,77.59,1721.4,14.683,2.0
746,80.31,14.79,4811.03,78.08,1717.4,14.753,2.0
747,79.83,16.11,4810.69,77.42,1712.5,14.822,2.0
748,80.01,14.77,4810.45,78.88,1717.3,14.824,2.0
749,80.12,15.53,4810.33,78.31,1728.8,14.733,2.0
750,80.3,14.79,4810.17,77.32,1723.4,15.293,2.0
751,79.89,16.83,4810.01,77.24,1742.9,15.259,2.0
752,79.81,16.68,4809.85,78.68,1746.5,14.935,2.0
753,79.67,16.57,4809.67,77.36,1739.7,15.24,2.0
754,80.34,16.37,4809.38,78.95,1763.4,15.471,2.0
755,80.47,14.05,4809.01,79.26,1716.8,14.989,2.0
756,80.3,15.99,4808.72,78.09,1706.3,14.969,2.0
757,80.38,15.21,4808.55,78.85,1736.7,15.069,2.0
758,80.08,15.28,4808.28,78.6,1730.7,15.222,2.0
759,80.22,16.19,4808.09,78.17,1743.0,14.875,2.0
760,80.06,16.47,4807.71,77.32,1710.7,14.752,2.0
761,80.41,16.22,4807.5,77.74,1732.9,15.279,2.0
762,80.0,16.92,4807.2,78.66,1695.0,14.007,2.0
763,80.14,17.35,4807.0,79.05,1730.9,15.116,2.0
764,80.44,16.59,4806.71,77.85,1757.7,15.172,2.0
765,80.09,14.99,4806.42,77.77,1720.8,14.92,2.0
766,80.26,13.41,4806.13,78.46,1729.3,15.073,2.0
767,79.64,16.56,4805.82,77.8,1736.0,14.954,2.0
768,80.45,17.03,4805.46,77.63,1717.6,14.562,2.0
769,80.19,16.17,4805.11,78.28,1763.5,15.11,2.0
770,79.84,17.13,4804.93,78.33,1704.8,14.42,2.0
771,79.5,17.69,4804.74,77.43,1731.8,15.104,2.0
772,80.28,15.94,4804.61,79.24,1712.0,14.941,2.0
773,79.53,17.38,4804.4,76.66,1713.1,14.328,2.0
774,79.61,16.52,4804.12,76.96,1727.6,14.728,2.0
775,80.34,14.7,4803.87,79.22,1714.6,15.086,2.0
776,79.63,16.19,4803.65,76.76,1726.7,15.3,2.0
777,80.27,15.17,4803.26,78.91,1733.4,14.897,2.0
778,79.73,16.27,4803.04,77.67,1768.8,15.199,2.0
779,79.7,16.55,4802.92,76.96,1749.6,15.543,2.0
780,79.52,16.35,4802.78,76.64,1710.4,14.867,2.0
781,79.98,15.86,4802.47,77.93,1739.6,15.149,2.0
782,79.84,17.12,4802.13,78.78,1734.0,15.021,2.0
783,80.05,15.21,4801.9,77.09,1721.7,14.977,2.0
784,80.32,15.55,4801.53,78.17,1735.2,15.395,2.0
785,80.23,16.14,4801.17,77.46,1733.2,15.063,2.0
786,79.65,15.13,4800.92,78.58,1744.1,15.24,2.0
787,80.37,15.36,4800.62,78.96,1727.8,15.038,2.0
788,80.28,16.98,4800.31,78.43,1742.2,15.176,2.0
789,80.29,14.29,4800.0,77.57,1717.8,14.784,2.0
790,80.32,16.22,4799.88,78.02,1746.2,15.271,2.0
791,79.88,15.3,4799.62,76.9,1773.9,15.398,2.0
792,80.19,16.01,4799.48,77.23,1738.1,15.09,2.0
793,80.31,17.11,4799.23,77.38,1761.0,15.092,2.0
794,79.51,14.09,4798.87,78.2,1746.1,15.199,2.0
795,79.75,16.76,4798.58,77.09,1695.9,14.567,2.0
796,80.5,15.02,4798.43,79.12,1719.0,14.31,2.0
797,79.77,16.62,4798.33,78.07,1749.2,14.757,2.0
798,79.94,15.01,4798.14,77.4,1726.1,14.763,2.0
799,80.0,16.22,4797.8,77.48,1753.2,15.244,2.0
800,79.67,15.83,4797.58,78.57,1685.2,14.605,2.0
801,79.65,15.26,4797.19,77.39,1744.0,15.238,2.0
802,80.18,15.27,4796.81,79.05,1709.7,14.708,2.0
803,79.7,15.91,4796.61,76.98,1758.0,15.271,2.0
804,79.86,16.99,4796.4,77.75,1759.2,15.078,2.0
805,80.01,15.85,4796.19,77.59,1762.0,15.397,2.0
806,80.42,15.36,4795.94,78.79,1729.8,14.789,2.0
807,79.77,15.14,4795.7,78.72,1709.9,14.798,2.0
808,80.09,17.77,4795.42,78.51,1713.6,14.731,2.0
809,80.17,14.95,4795.2,77.72,1707.5,14.533,2.0
810,80.42,15.29,4794.84,77.89,1732.1,14.829,2.0
811,80.28,17.82,4794.51,79.0,1709.7,14.495,2.0
812,80.21,16.69,4794.12,77.61,1738.3,15.122,2.0
813,79.92,15.77,4793.77,78.59,1753.4,14.892,2.0
814,80.14,16.31,4793.55,77.67,1734.9,14.962,2.0
815,79.87,16.14,4793.19,76.93,1802.4,15.887,2.0
816,80.38,15.02,4793.0,78.99,1725.8,14.983,2.0
817,80.31,15.58,4792.75,77.54,1697.6,15.082,2.0
818,80.31,16.22,4792.36,79.06,1708.8,14.668,2.0
819,79.74,16.92,4792.14,78.42,1728.6,14.759,2.0
820,80.26,15.89,4791.82,79.1,1709.9,14.818,2.0
821,80.16,16.6,4791.71,77.48,1743.9,15.087,2.0
822,79.84,17.04,4791.38,78.41,1712.3,14.869,2.0
823,79.6,16.27,4791.13,78.27,1706.9,14.631,2.0
824,80.12,16.07,4790.74,77.16,1746.8,15.244,2.0
825,79.81,15.66,4790.41,78.59,1720.4,14.946,2.0
826,80.39,15.74,4790.19,78.51,1706.9,14.713,2.0
827,80.07,15.62,4790.03,77.67,1706.9,14.372,2.0
828,80.11,17.69,4789.66,78.32,1740.7,14.876,2.0
829,79.8,16.22,4789.37,76.89,1753.9,15.357,2.0
830,79.84,16.57,4789.06,78.26,1764.5,15.148,2.0
831,79.71,15.8,4788.74,77.1,1762.3,15.26,2.0
832,79.79,15.53,4788.35,78.68,1710.0,14.872,2.0
833,79.69,17.42,4788.12,78.28,1708.5,14.749,2.0
834,79.61,14.68,4787.88,77.35,1745.4,15.334,2.0
835,80.25,14.94,4787.69,78.31,1760.6,15.319,2.0
836,79.95,14.78,4787.45,77.11,1717.2,14.984,2.0
837,79.67,16.1,4787.3,77.06,1716.5,15.073,2.0
838,80.46,15.55,4787.05,79.01,1760.3,15.217,2.0
839,80.22,15.19,4786.66,78.86,1688.3,14.782,2.0
840,80.43,15.86,4786.5,78.16,1712.1,14.756,2.0
841,80.42,15.62,4786.31,78.36,1762.7,15.492,2.0
842,79.96,16.18,4785.93,77.84,1740.9,14.841,2.0
843,80.28,16.36,4785.8,78.47,1728.1,15.147,2.0
844,80.2,17.43,4785.44,78.89,1730.6,14.568,2.0
845,79.59,18.23,4785.07,77.06,1754.2,15.198,2.0
846,79.88,17.45,4784.86,77.91,1726.9,15.345,2.0
847,80.34,14.98,4784.6,77.37,1719.8,14.99,2.0
848,80.16,14.56,4784.48,77.84,1729.9,14.865,2.0
849,80.41,15.96,4784.12,77.91,1733.5,14.71,2.0
850,80.12,15.77,4783.99,78.09,1753.6,15.298,2.0
851,80.24,13.77,4783.87,77.83,1739.2,15.019,2.0
852,79.52,16.23,4783.49,76.58,1750.7,15.006,2.0
853,80.21,16.11,4783.35,77.29,1720.7,14.775,2.0
854,80.26,17.17,4783.19,77.91,1681.0,14.826,2.0
855,80.07,15.68,4783.07,78.61,1719.3,14.797,2.0
856,79.81,16.73,4782.7,78.19,1740.6,14.94,2.0
857,79.75,17.24,4782.32,77.76,1770.3,15.648,2.0
858,79.92,15.15,4782.01,78.06,1717.0,14.922,2.0
859,79.85,16.54,4781.64,78.83,1744.0,15.051,2.0
860,79.72,16.52,4781.52,77.51,1703.3,14.54,2.0
861,80.42,17.13,4781.32,78.51,1750.8,15.288,2.0
862,80.44,15.15,4781.12,78.11,1705.7,14.64,2.0
863,80.46,12.68,4780.77,78.22,1725.4,14.956,2.0
864,79.71,15.7,4780.43,76.74,1686.8,14.349,2.0
865,80.38,15.96,4780.04,77.42,1707.1,14.506,2.0
866,79.63,17.19,4779.77,76.95,1727.5,15.001,2.0
867,80.25,16.03,4779.5,77.61,1722.0,15.105,2.0
868,79.7,16.12,4779.37,77.12,1730.3,15.432,2.0
869,80.32,15.5,4779.02,78.64,1739.4,15.056,2.0
870,79.88,17.05,4778.64,77.22,1763.7,15.353,2.0
871,80.46,14.07,4778.3,78.47,1746.3,15.207,2.0
872,80.02,15.21,4777.97,78.52,1759.9,15.237,2.0
873,80.18,15.7,4777.66,77.3,1724.5,15.046,2.0
874,79.87,16.38,4777.36,78.08,1719.1,15.244,2.0
875,80.37,13.64,4777.1,78.67,1741.3,15.167,2.0
876,79.77,15.43,4776.97,76.98,1740.4,15.036,2.0
877,80.38,15.61,4776.81,78.7,1756.9,15.232,2.0
878,79.51,15.23,4776.54,77.62,1674.0,14.632,2.0
879,79.56,14.76,4776.2,76.96,1713.4,14.944,2.0
880,80.07,17.45,4776.03,78.66,1754.3,15.05,2.0
881,79.89,15.9,4775.84,78.04,1710.0,14.854,2.0
882,80.35,15.96,4775.72,77.57,1718.5,14.46,2.0
883,80.24,14.97,4775.62,77.45,1716.5,14.94,2.0
884,79.74,15.21,4775.49,78.32,1756.6,15.203,2.0
885,79.9,17.37,4775.26,78.81,1719.3,15.087,2.0
886,79.84,17.21,4775.09,77.09,1755.1,15.455,2.0
887,79.55,16.35,4774.72,77.39,1778.5,15.548,2.0
888,80.24,16.06,4774.58,79.03,1709.7,14.767,2.0
889,79.87,15.3,4774.44,77.49,1763.3,15.163,2.0
890,80.38,14.34,4774.26,78.6,1765.4,14.93,2.0
891,79.94,15.74,4773.96,78.64,1763.2,15.207,2.0
892,80.4,15.9,4773.81,78.55,1742.1,15.309,2.0
893,79.85,16.41,4773.46,77.3,1706.2,14.573,2.0
894,79.9,16.12,4773.07,78.0,1739.2,14.748,2.0
895,80.46,15.52,4772.85,78.58,1750.7,15.22,2.0
896,80.16,15.51,4772.71,78.12,1727.0,14.853,2.0
897,79.91,16.27,4772.55,77.12,1756.2,15.074,2.0
898,79.6,16.73,4772.29,77.73,1722.0,14.702,2.0
899,80.19,15.3,4771.94,77.74,1716.2,14.713,2.0
900,80.48,14.8,4771.77,77.81,1711.6,14.441,2.0
901,79.76,15.56,4771.46,77.68,1738.7,15.13,2.0
902,79.89,16.06,4771.12,77.58,1723.1,15.156,2.0
903,79.53,14.88,4770.74,78.15,1750.5,15.465,2.0
904,80.0,16.37,4770.38,78.76,1700.7,14.786,2.0
905,79.77,16.68,4770.02,78.42,1729.5,14.851,2.0
906,79.71,14.44,4769.67,78.37,1717.8,14.692,2.0
907,79.79,14.95,4769.47,76.89,1734.3,15.389,2.0
908,79.51,17.52,4769.16,77.92,1749.3,15.432,2.0
909,79.97,16.69,4768.94,78.65,1760.9,15.419,2.0
910,80.07,14.79,4768.75,78.08,1755.1,15.597,2.0
911,80.37,15.99,4768.39,78.94,1717.8,14.57,2.0
912,80.05,14.3,4768.11,77.41,1683.7,14.414,2.0
913,80.29,16.31,4767.73,77.48,1721.3,15.157,2.0
914,80.0,14.77,4767.36,78.04,1726.4,14.727,2.0
915,80.38,13.77,4767.18,78.84,1716.7,14.575,2.0
916,80.27,15.42,4767.02,78.87,1733.3,14.947,2.0
917,79.72,15.95,4766.76,76.83,1729.2,15.019,2.0
918,79.55,13.86,4766.47,78.18,1755.0,15.198,2.0
919,79.92,16.53,4766.19,77.01,1714.8,14.805,2.0
920,80.38,14.57,4765.99,78.98,1730.6,14.956,2.0
921,80.06,15.86,4765.66,78.59,1775.3,15.543,2.0
922,80.3,16.65,4765.34,78.92,1740.7,15.062,2.0
923,80.26,15.58,4764.96,78.48,1731.2,14.878,2.0
924,80.32,16.58,4764.8,78.71,1702.5,14.596,2.0
925,79.66,18.41,4764.64,78.1,1721.5,15.125,2.0
926,80.25,16.58,4764.54,77.38,1723.0,15.035,2.0
927,80.04,15.97,4764.33,77.84,1767.1,15.153,2.0
928,79.86,15.69,4763.98,78.85,1711.6,14.907,2.0
929,80.31,16.29,4763.58,77.4,1750.6,15.552,2.0
930,80.31,16.96,4763.34,77.87,1721.3,14.841,2.0
931,80.42,16.27,4762.94,77.51,1721.1,14.73,2.0
932,80.27,14.04,4762.69,78.69,1697.2,14.524,2.0
933,80.21,15.55,4762.42,78.38,1762.0,15.415,2.0
934,79.98,16.24,4762.19,78.17,1699.9,14.711,2.0
935,80.48,13.63,4761.83,77.8,1709.6,14.402,2.0
936,79.9,16.97,4761.48,78.7,1724.4,14.827,2.0
937,80.12,14.0,4761.17,77.89,1756.6,15.227,2.0
938,79.62,17.44,4760.98,77.98,1757.3,15.672,2.0
939,79.69,17.35,4760.76,78.36,1733.3,14.972,2.0
940,80.24,14.04,4760.59,77.56,1762.2,15.356,2.0
941,80.16,15.36,4760.33,78.91,1707.2,14.82,2.0
942,79.73,14.63,4760.03,77.54,1728.3,14.901,2.0
943,79.53,15.62,4759.88,76.75,1739.8,15.224,2.0
944,79.91,15.91,4759.74,78.34,1704.3,14.852,2.0
945,80.18,14.68,4759.58,77.24,1735.6,15.036,2.0
946,80.34,13.93,4759.28,77.53,1740.7,14.978,2.0
947,80.3,15.45,4759.04,78.02,1771.8,15.376,2.0
948,79.53,16.55,4758.82,77.98,1700.3,14.799,2.0
949,79.64,16.37,4758.6,78.48,1703.2,14.752,2.0
950,80.09,16.78,4758.25,78.19,1743.9,14.881,2.0
951,79.85,17.03,4758.01,78.55,1734.6,14.988,2.0
952,80.39,16.02,4757.75,77.72,1753.6,14.859,2.0
953,80.18,14.66,4757.44,77.61,1701.8,14.648,2.0
954,79.89,15.92,4757.14,77.79,1717.6,14.917,2.0
955,79.75,16.59,4756.92,76.93,1706.2,14.921,2.0
956,79.82,15.75,4756.8,77.2,1787.4,15.332,2.0
957,80.27,15.19,4756.49,78.23,1745.2,15.061,2.0
958,80.3,16.16,4756.38,77.49,1762.6,15.378,2.0
959,79.64,16.34,4756.1,77.69,1761.9,15.744,2.0
960,80.13,15.98,4755.75,77.16,1723.2,15.017,2.0
961,80.25,14.98,4755.6,78.21,1732.8,15.16,2.0
962,80.09,17.61,4755.41,78.37,1731.3,15.094,2.0
963,80.11,17.26,4755.15,78.44,1666.9,14.304,2.0
964,80.07,16.46,4755.01,77.55,1773.7,15.827,2.0
965,79.67,16.55,4754.78,78.25,1745.0,15.28,2.0
966,80.5,17.15,4754.45,78.47,1728.2,15.398,2.0
967,80.13,16.59,4754.11,77.98,1771.2,15.502,2.0
968,80.08,15.21,4753.77,78.84,1750.0,15.494,2.0
969,80.07,15.94,4753.42,78.48,1752.0,14.839,2.0
970,80.23,14.41,4753.02,78.26,1716.1,14.551,2.0
971,79.83,16.71,4752.71,77.61,1711.5,14.497,2.0
972,79.9,16.44,4752.43,77.8,1753.9,15.183,2.0
973,80.29,14.51,4752.08,78.9,1684.0,14.322,2.0
974,79.81,15.7,4751.98,76.95,1755.1,15.216,2.0
975,80.45,14.56,4751.64,78.02,1739.3,15.18,2.0
976,80.49,15.43,4751.45,79.39,1759.7,15.503,2.0
977,79.89,15.19,4751.1,77.48,1757.0,14.899,2.0
978,80.02,15.33,4750.96,77.44,1746.7,15.042,2.0
979,79.81,14.5,4750.82,77.38,1683.2,14.737,2.0
980,79.75,13.87,4750.54,77.76,1745.7,14.931,2.0
981,79.83,17.29,4750.19,78.66,1749.5,15.02,2.0
982,79.6,16.64,4749.86,77.59,1730.0,14.868,2.0
983,80.08,15.83,4749.66,77.48,1729.6,14.956,2.0
984,79.79,16.75,4749.4,78.02,1773.1,15.139,2.0
985,80.16,16.41,4749.03,77.48,1731.4,14.713,2.0
986,79.97,15.93,4748.68,77.59,1772.9,15.227,2.0
987,79.61,16.97,4748.38,77.02,1730.7,14.996,2.0
988,80.46,16.35,4748.26,78.35,1712.2,14.486,2.0
989,80.41,16.75,4747.97,78.31,1773.1,15.134,2.0
990,79.71,16.65,4747.86,77.25,1712.9,14.802,2.0
991,80.31,16.19,4747.72,78.76,1738.8,15.317,2.0
992,79.58,15.33,4747.5,76.96,1714.2,14.776,2.0
993,80.17,16.06,4747.13,78.91,1728.2,14.656,2.0
994,80.38,14.47,4747.0,79.05,1735.5,15.236,2.0
995,80.25,14.13,4746.72,78.93,1765.8,15.248,2.0
996,79.5,17.29,4746.59,77.59,1765.2,15.66,2.0
997,80.1,15.87,4746.23,78.24,1760.3,15.381,2.0
998,79.61,15.64,4745.95,77.79,1725.8,14.777,2.0
999,80.33,16.17,4745.74,77.35,1780.2,15.567,2.0
1000,75.36,20.14,4745.62,72.46,1456.5,10.713,2.0
1001,71.17,23.1,4745.3,69.92,1721.7,14.789,2.0
1002,66.0,25.87,4745.02,64.35,1580.9,12.777,2.0
1003,60.68,32.8,4744.89,58.43,2117.4,22.474,2.0
1004,55.64,35.73,4744.76,54.45,1237.3,7.886,2.0
1005,51.24,39.99,4744.47,48.53,1735.8,14.736,2.0
1006,46.83,42.04,4744.32,44.69,2137.1,22.585,2.0
1007,42.77,46.28,4743.99,40.61,1940.8,18.766,2.0
1008,38.01,50.1,4743.67,36.41,1490.6,11.149,2.0
1009,32.08,55.05,4743.54,29.64,2057.6,21.555,2.0
1010,26.93,59.36,4743.19,25.35,1716.4,14.278,2.0
1011,21.56,63.97,4743.04,20.37,2132.8,22.53,2.0
1012,16.85,65.7,4742.94,14.82,1932.6,18.78,2.0
1013,11.75,70.48,4742.75,10.23,1376.1,9.097,2.0
1014,7.38,74.01,4742.39,4.5,2010.2,19.835,2.0
1015,9.79,72.34,4742.05,8.26,1840.1,16.764,1.0
1016,12.42,70.42,4741.8,9.56,1665.0,13.953,1.0
1017,14.69,68.24,4741.67,13.63,1829.8,16.783,1.0
1018,18.14,65.81,4741.37,16.27,1644.4,13.574,1.0
1019,20.8,63.2,4741.25,19.56,1870.4,17.497,1.0
1020,24.3,62.29,4740.97,22.7,1829.0,16.419,1.0
1021,27.14,57.55,4740.69,24.75,1759.8,16.231,1.0
1022,30.26,54.92,4740.44,27.31,1680.0,14.304,1.0
1023,33.71,53.62,4740.18,31.14,1742.5,14.964,1.0
1024,36.96,49.38,4740.06,34.92,1671.0,13.858,1.0
1025,39.23,48.63,4739.68,37.75,1893.5,18.083,1.0
1026,42.02,45.91,4739.49,39.26,1810.1,16.585,1.0
1027,44.23,44.4,4739.36,41.91,1881.9,17.925,1.0
1028,47.0,41.55,4739.0,44.13,1765.1,15.762,1.0
1029,49.21,41.61,4738.75,46.55,1644.9,13.559,1.0
1030,52.57,37.3,4738.54,50.69,1876.1,17.539,1.0
1031,55.43,35.46,4738.21,53.5,1788.5,15.63,1.0
1032,58.62,34.56,4737.83,57.32,1762.6,15.764,1.0
1033,61.24,30.92,4737.67,58.48,1899.2,18.545,1.0
1034,63.31,29.67,4737.39,60.75,1890.8,18.131,1.0
1035,65.74,26.35,4737.18,62.81,1806.8,16.219,1.0
1036,69.1,24.16,4737.0,66.66,1840.4,17.024,1.0
1037,71.34,23.64,4736.85,69.16,1784.3,15.916,1.0
1038,74.25,20.88,4736.55,72.29,1627.0,13.107,1.0
1039,76.79,18.34,4736.17,73.92,1745.7,15.272,1.0
1040,80.0,16.72,4735.83,78.66,1838.7,16.803,1.0
1041,80.0,16.91,4735.59,78.3,1945.0,18.65,1.0
1042,80.0,16.57,4735.28,77.78,1700.3,14.42,1.0
1043,80.0,17.24,4735.11,78.68,1875.9,17.925,1.0
1044,80.0,16.37,4734.8,77.67,1597.4,13.018,1.0
1045,80.0,15.84,4734.54,78.63,1863.6,17.684,1.0
1046,80.0,14.18,4734.25,77.08,1894.7,18.252,1.0
1047,80.0,16.16,4733.89,77.83,1724.0,14.601,1.0
1048,80.0,15.5,4733.73,77.87,1725.0,14.733,1.0
1049,80.0,14.15,4733.34,77.19,1859.0,16.934,1.0
1050,80.0,16.49,4733.2,77.9,1865.0,17.365,1.0
1051,80.0,16.67,4732.93,77.71,1734.9,15.688,1.0
1052,80.0,15.93,4732.59,77.59,1681.5,13.74,1.0
1053,80.0,16.55,4732.48,77.08,1803.6,16.415,1.0
1054,80.0,17.24,4732.08,77.24,1893.1,17.951,1.0
1055,80.0,15.41,4731.8,78.49,1871.9,17.752,1.0
1056,80.0,17.19,4731.64,78.55,1779.7,15.94,1.0
1057,80.0,15.19,4731.33,78.69,1709.8,14.811,1.0
1058,80.0,16.38,4731.03,77.94,1755.6,15.282,1.0
1059,80.0,15.4,4730.8,77.74,1857.8,17.282,1.0
1060,80.0,16.54,4730.59,77.19,1878.6,17.737,1.0
1061,80.0,16.72,4730.39,77.54,1653.9,13.648,1.0
1062,80.0,15.73,4730.19,77.28,1761.2,15.986,1.0
1063,80.0,16.01,4730.06,78.39,1765.0,15.316,1.0
1064,80.0,14.66,4729.9,77.74,1890.1,17.512,1.0
1065,80.0,14.7,4729.5,77.23,1832.5,16.866,1.0
1066,80.0,16.43,4729.28,78.47,1871.9,17.721,1.0
1067,80.0,13.95,4729.06,78.63,1698.4,14.553,1.0
1068,80.0,17.41,4728.85,77.75,1719.8,14.555,1.0
1069,80.0,16.38,4728.57,77.33,1775.0,15.542,1.0
1070,80.0,15.2,4728.45,77.21,1854.9,17.393,1.0
1071,80.0,17.22,4728.21,77.91,1899.7,18.465,1.0
1072,80.0,14.76,4727.91,77.34,1772.5,15.72,1.0
1073,80.0,15.1,4727.55,77.78,1832.9,16.666,1.0
1074,80.0,14.94,4727.23,78.45,1829.2,16.586,1.0
1075,80.0,16.2,4727.0,77.51,1642.2,13.695,1.0
1076,80.0,16.35,4726.73,78.22,1955.4,18.978,1.0
1077,80.0,16.57,4726.33,78.32,1684.9,14.102,1.0
1078,80.0,14.15,4726.03,77.63,1697.8,14.347,1.0
1079,80.0,16.75,4725.73,77.76,1753.3,15.373,1.0
1080,80.0,14.89,4725.47,78.86,1729.0,15.156,1.0
1081,80.0,16.86,4725.26,78.29,1935.5,18.853,1.0
1082,80.0,16.38,4725.08,78.44,1727.6,14.583,1.0
1083,80.0,17.86,4724.82,78.84,1884.4,18.124,1.0
1084,80.0,15.57,4724.45,77.82,1798.9,16.489,1.0
1085,80.0,17.07,4724.27,78.8,1719.5,14.916,1.0
1086,80.0,15.56,4723.91,77.8,1866.7,18.286,1.0
1087,80.0,17.48,4723.72,78.83,1938.8,18.843,1.0
1088,80.0,15.07,4723.47,78.12,1943.3,18.786,1.0
1089,80.0,18.8,4723.34,77.71,1654.6,13.575,1.0
1090,80.0,15.07,4723.18,77.56,1719.5,15.139,1.0
1091,80.0,15.95,4723.04,77.9,1811.9,16.148,1.0
1092,80.0,15.08,4722.86,77.8,1664.8,14.157,1.0
1093,80.0,15.95,4722.65,78.9,1689.0,14.359,1.0
1094,80.0,15.92,4722.53,77.9,1945.8,18.505,1.0
1095,80.0,16.62,4722.19,78.49,1696.9,14.119,1.0
1096,80.0,16.41,4722.03,78.89,1654.1,13.555,1.0
1097,80.0,17.59,4721.76,78.58,1784.8,16.275,1.0
1098,80.0,15.08,4721.48,78.86,1712.6,15.12,1.0
1099,80.0,15.63,4721.13,78.24,1813.4,16.051,1.0
1100,80.4,15.97,4720.87,78.71,1688.4,14.517,2.0
1101,79.89,15.58,4720.64,77.27,1713.6,14.958,2.0
1102,79.93,15.3,4720.27,78.09,1713.7,14.882,2.0
1103,79.67,17.86,4719.89,76.86,1719.8,14.884,2.0
1104,79.68,16.03,4719.73,77.72,1722.4,14.947,2.0
1105,80.0,15.91,4719.52,78.97,1706.8,15.051,2.0
1106,79.78,16.18,4719.26,77.33,1760.6,15.418,2.0
1107,80.35,15.49,4719.14,79.18,1725.7,14.904,2.0
1108,79.73,15.51,4718.84,77.26,1737.2,14.965,2.0
1109,80.25,16.78,4718.71,77.42,1732.4,14.964,2.0
1110,80.1,16.74,4718.44,78.32,1738.5,15.295,2.0
1111,79.99,16.79,4718.23,78.92,1745.3,15.2,2.0
1112,80.08,16.58,4718.12,77.17,1727.5,14.528,2.0
1113,79.79,14.94,4717.76,77.76,1772.2,15.306,2.0
1114,80.5,14.16,4717.62,78.48,1713.6,14.808,2.0
1115,80.37,15.6,4717.34,79.08,1741.9,14.968,2.0
1116,80.46,16.36,4717.19,79.03,1746.4,15.367,2.0
1117,79.87,15.97,4716.86,77.52,1725.0,14.871,2.0
1118,80.04,16.14,4716.59,77.95,1709.4,15.304,2.0
1119,79.73,14.09,4716.43,78.03,1725.9,14.724,2.0
1120,80.08,14.08,4716.12,78.62,1732.0,14.742,2.0
1121,80.03,15.76,4715.78,77.47,1723.2,15.112,2.0
1122,79.54,17.98,4715.41,77.37,1700.4,14.756,2.0
1123,80.16,15.42,4715.1,77.62,1754.8,15.281,2.0
1124,80.36,15.64,4714.95,78.31,1733.5,15.045,2.0
1125,79.67,15.89,4714.74,78.05,1724.9,15.138,2.0
1126,79.61,15.73,4714.51,77.0,1745.1,14.974,2.0
1127,79.77,14.97,4714.23,76.8,1755.2,15.505,2.0
1128,80.44,15.27,4714.08,78.54,1698.6,14.781,2.0
1129,80.35,16.33,4713.94,78.33,1746.5,15.329,2.0
1130,80.16,16.66,4713.82,78.94,1742.1,14.856,2.0
1131,79.78,17.15,4713.7,77.47,1741.5,15.35,2.0
1132,80.1,16.15,4713.59,78.19,1756.6,15.24,2.0
1133,80.2,15.67,4713.36,78.34,1743.3,15.421,2.0
1134,79.88,15.68,4713.16,78.69,1763.1,15.521,2.0
1135,80.48,16.57,4712.99,78.78,1747.7,15.112,2.0
1136,79.55,15.51,4712.78,78.46,1715.5,14.344,2.0
1137,80.06,14.25,4712.64,77.6,1730.0,14.728,2.0
1138,79.73,15.95,4712.4,77.17,1738.8,14.965,2.0
1139,79.94,16.75,4712.1,77.12,1706.4,15.002,2.0
1140,79.75,17.52,4711.8,77.66,1703.7,14.938,2.0
1141,80.32,15.5,4711.42,78.79,1694.4,14.682,2.0
1142,80.01,16.84,4711.08,78.2,1767.2,15.419,2.0
1143,79.71,16.15,4710.69,77.91,1698.3,15.036,2.0
1144,80.4,15.51,4710.47,79.15,1706.0,14.716,2.0
1145,80.49,15.29,4710.2,78.36,1758.6,15.332,2.0
1146,80.11,14.43,4710.0,77.88,1740.8,14.583,2.0
1147,80.12,13.93,4709.84,77.37,1707.6,14.602,2.0
1148,80.37,15.52,4709.53,78.53,1711.9,15.124,2.0
1149,80.48,14.94,4709.14,78.79,1738.9,14.943,2.0
1150,80.06,17.56,4708.82,77.45,1695.6,14.757,2.0
1151,79.76,17.44,4708.5,77.95,1775.1,15.775,2.0
1152,79.79,16.1,4708.34,78.46,1704.8,14.695,2.0
1153,79.79,17.53,4707.97,77.38,1705.9,14.779,2.0
1154,79.64,14.61,4707.68,77.57,1735.2,14.999,2.0
1155,79.88,16.08,4707.47,78.48,1716.2,14.732,2.0
1156,79.9,16.51,4707.17,77.4,1740.0,15.145,2.0
1157,80.3,14.6,4707.0,78.6,1714.4,14.424,2.0
1158,80.45,15.07,4706.73,78.6,1723.0,14.426,2.0
1159,79.75,16.68,4706.62,78.34,1702.5,14.854,2.0
1160,80.4,14.1,4706.29,78.99,1699.2,14.439,2.0
1161,80.01,17.92,4705.9,77.51,1741.4,14.97,2.0
1162,79.81,16.62,4705.63,77.21,1717.0,14.372,2.0
1163,79.63,15.86,4705.43,77.94,1681.1,14.5,2.0
1164,80.38,16.55,4705.29,78.27,1728.4,14.771,2.0
1165,80.0,16.57,4705.14,77.2,1741.2,14.935,2.0
1166,79.86,16.16,4704.84,77.1,1726.1,14.397,2.0
1167,80.37,18.47,4704.59,78.24,1754.8,15.263,2.0
1168,80.23,15.09,4704.32,79.16,1725.3,15.281,2.0
1169,80.41,15.52,4704.17,78.25,1752.9,15.15,2.0
1170,80.14,16.14,4703.92,78.68,1703.6,14.805,2.0
1171,80.35,17.08,4703.74,77.38,1731.5,15.023,2.0
1172,79.6,15.77,4703.38,77.76,1737.8,15.368,2.0
1173,79.93,16.77,4703.27,78.64,1704.8,14.745,2.0
1174,79.82,14.45,4702.94,76.84,1794.9,15.642,2.0
1175,79.63,16.53,4702.74,76.98,1760.2,15.329,2.0
1176,80.46,14.7,4702.44,79.4,1762.0,14.895,2.0
1177,79.54,15.36,4702.23,77.02,1717.8,14.95,2.0
1178,79.79,16.57,4701.91,77.31,1757.2,15.536,2.0
1179,80.44,16.22,4701.74,79.31,1710.9,14.665,2.0
1180,80.5,14.63,4701.4,79.44,1725.0,14.672,2.0
1181,79.99,15.72,4701.23,77.93,1712.0,14.736,2.0
1182,79.62,15.41,4700.85,78.11,1737.8,14.996,2.0
1183,79.73,16.0,4700.63,77.77,1718.6,14.978,2.0
1184,80.19,16.26,4700.24,77.76,1718.5,14.826,2.0
1185,80.38,16.54,4699.97,79.28,1721.8,14.812,2.0
1186,80.36,16.46,4699.83,79.19,1718.9,14.75,2.0
1187,80.01,15.39,4699.69,78.63,1725.1,14.772,2.0
1188,80.35,14.5,4699.32,79.03,1717.9,14.845,2.0
1189,80.49,14.71,4699.11,78.21,1720.2,14.816,2.0
1190,79.87,15.7,4698.95,77.26,1732.7,14.939,2.0
1191,80.09,17.83,4698.69,78.44,1729.5,14.765,2.0
1192,80.33,14.08,4698.42,78.75,1723.1,14.817,2.0
1193,79.66,18.51,4698.16,76.76,1724.6,14.875,2.0
1194,80.33,13.94,4697.85,79.0,1713.2,14.687,2.0
1195,79.53,16.39,4697.46,77.85,1734.2,15.221,2.0
1196,79.79,16.23,4697.3,78.47,1732.4,14.754,2.0
1197,79.97,15.03,4697.0,78.31,1768.9,15.257,2.0
1198,79.85,14.93,4696.75,78.38,1725.3,14.708,2.0
1199,80.22,17.21,4696.44,77.88,1750.9,15.237,2.0
1200,80.09,16.44,4696.23,77.88,1716.5,14.82,2.0
1201,80.29,13.88,4696.0,78.28,1708.4,14.739,2.0
1202,80.07,15.56,4695.9,78.84,1686.7,14.636,2.0
1203,80.22,15.58,4695.71,78.05,1710.4,15.126,2.0
1204,80.44,14.49,4695.52,79.31,1746.3,15.526,2.0
1205,79.58,14.75,4695.34,77.54,1719.3,14.93,2.0
1206,79.86,16.25,4695.14,77.0,1728.4,14.643,2.0
1207,80.19,16.05,4694.8,78.36,1703.4,14.812,2.0
1208,79.81,17.15,4694.44,77.09,1729.6,14.748,2.0
1209,79.7,14.99,4694.23,77.14,1710.9,14.97,2.0
1210,79.52,15.43,4693.92,77.89,1724.6,15.088,2.0
1211,79.51,16.25,4693.73,78.15,1709.3,14.898,2.0
1212,79.61,16.46,4693.43,78.15,1720.5,14.993,2.0
1213,80.32,15.59,4693.13,78.12,1715.1,14.793,2.0
1214,80.13,16.48,4693.01,77.23,1745.0,15.072,2.0
1215,79.68,15.8,4692.65,77.87,1714.6,15.296,2.0
1216,80.05,15.9,4692.41,78.1,1760.0,15.129,2.0
1217,80.08,15.45,4692.17,78.57,1682.7,14.422,2.0
1218,79.99,15.44,4691.92,77.75,1708.6,14.832,2.0
1219,79.96,17.15,4691.79,77.27,1701.4,14.805,2.0
1220,80.1,14.97,4691.55,77.22,1763.8,14.998,2.0
1221,80.2,15.14,4691.2,79.13,1707.6,14.924,2.0
1222,80.42,17.22,4690.89,78.74,1724.3,14.776,2.0
1223,79.74,16.06,4690.6,78.35,1747.1,15.043,2.0
1224,79.7,16.13,4690.38,78.48,1713.5,15.114,2.0
1225,80.34,15.67,4690.2,78.74,1735.8,15.138,2.0
1226,79.85,16.85,4689.87,77.14,1728.2,14.827,2.0
1227,79.57,17.3,4689.7,78.48,1696.2,14.855,2.0
1228,80.02,15.5,4689.39,77.89,1710.3,14.581,2.0
1229,80.33,17.21,4689.21,78.41,1728.4,15.147,2.0
1230,80.01,17.94,4688.95,78.71,1740.1,15.085,2.0
1231,79.96,16.33,4688.72,77.95,1767.8,15.304,2.0
1232,79.74,15.77,4688.36,78.54,1786.8,15.497,2.0
1233,80.39,15.34,4688.05,78.71,1747.5,15.378,2.0
1234,79.96,15.09,4687.95,76.97,1733.6,14.997,2.0
1235,79.54,15.26,4687.77,78.3,1727.8,15.156,2.0
1236,80.25,15.8,4687.39,78.1,1734.4,14.996,2.0
1237,79.89,16.07,4687.04,78.42,1727.9,14.801,2.0
1238,79.82,17.05,4686.75,77.66,1742.5,14.877,2.0
1239,79.78,16.43,4686.6,78.0,1737.5,14.981,2.0
1240,80.18,13.95,4686.45,78.13,1707.8,14.402,2.0
1241,80.28,16.77,4686.18,78.49,1764.3,15.373,2.0
1242,79.81,15.18,4686.05,77.48,1700.4,14.578,2.0
1243,80.31,15.43,4685.67,77.44,1710.6,14.814,2.0
1244,79.58,16.0,4685.49,77.45,1713.3,14.781,2.0
1245,80.42,15.06,4685.1,78.36,1751.8,15.302,2.0
1246,80.21,12.58,4684.83,78.7,1785.6,15.506,2.0
1247,79.64,16.54,4684.48,78.24,1692.4,14.6,2.0
1248,80.01,15.87,4684.11,77.8,1718.4,14.668,2.0
1249,79.85,14.9,4683.76,78.6,1760.3,15.273,2.0
1250,79.83,15.17,4683.6,78.22,1717.6,15.145,2.0
1251,80.0,15.43,4683.36,78.47,1744.6,15.208,2.0
1252,79.53,16.22,4683.13,77.71,1707.1,14.823,2.0
1253,80.43,15.81,4682.93,79.43,1741.0,15.023,2.0
1254,80.07,16.15,4682.57,77.56,1746.5,15.118,2.0
1255,79.96,15.72,4682.38,77.04,1697.0,14.557,2.0
1256,80.39,16.64,4682.19,78.92,1725.6,15.002,2.0
1257,80.33,15.6,4681.91,77.79,1717.8,14.935,2.0
1258,80.41,17.16,4681.59,78.91,1717.2,14.928,2.0
1259,80.13,15.35,4681.22,78.13,1724.9,14.762,2.0
1260,79.6,16.2,4680.97,77.32,1740.3,14.756,2.0
1261,80.48,15.79,4680.76,79.05,1719.7,14.74,2.0
1262,79.78,17.1,4680.54,78.31,1765.8,15.368,2.0
1263,79.64,16.48,4680.41,77.03,1717.4,14.82,2.0
1264,80.1,16.58,4680.15,77.13,1731.9,14.99,2.0
1265,79.98,16.28,4680.04,78.09,1746.1,15.044,2.0
1266,79.92,14.96,4679.84,77.48,1727.4,14.874,2.0
1267,80.12,14.95,4679.63,77.29,1739.1,14.757,2.0
1268,79.82,16.29,4679.42,76.91,1770.2,15.379,2.0
1269,79.99,16.4,4679.28,78.05,1737.1,14.897,2.0
1270,79.61,17.5,4679.05,76.73,1774.2,15.36,2.0
1271,80.24,15.19,4678.73,78.09,1713.8,15.056,2.0
1272,80.16,15.19,4678.5,77.74,1732.0,14.959,2.0
1273,80.3,16.52,4678.31,78.48,1671.6,14.339,2.0
1274,79.59,17.73,4677.92,78.3,1765.9,15.405,2.0
1275,79.73,17.3,4677.71,77.71,1727.2,14.649,2.0
1276,79.89,15.75,4677.55,78.25,1758.6,15.423,2.0
1277,80.33,15.37,4677.35,77.9,1709.4,14.487,2.0
1278,79.75,16.08,4677.2,77.87,1720.5,14.746,2.0
1279,79.71,16.7,4676.87,77.52,1716.5,14.657,2.0
1280,80.28,15.35,4676.59,78.96,1706.6,14.569,2.0
1281,80.43,15.87,4676.21,77.64,1763.4,15.415,2.0
1282,79.51,15.41,4676.1,76.76,1762.9,15.47,2.0
1283,79.77,16.38,4675.84,78.73,1742.5,15.327,2.0
1284,80.07,14.77,4675.66,77.61,1742.7,15.188,2.0
1285,80.47,14.82,4675.37,78.46,1733.0,15.015,2.0
1286,79.73,14.71,4675.26,78.33,1700.7,14.694,2.0
1287,79.64,17.8,4674.96,78.6,1774.3,15.179,2.0
1288,80.39,16.4,4674.66,78.12,1742.0,15.058,2.0
1289,80.41,15.92,4674.41,78.66,1708.4,14.341,2.0
1290,79.7,16.59,4674.22,77.42,1739.8,15.271,2.0
1291,80.14,15.96,4673.98,77.65,1739.6,14.899,2.0
1292,79.89,16.12,4673.76,76.94,1743.9,15.402,2.0
1293,79.59,15.28,4673.43,76.64,1721.9,15.201,2.0
1294,80.27,14.52,4673.12,78.73,1722.7,15.15,2.0
1295,79.75,16.25,4672.99,78.41,1738.1,15.083,2.0
1296,80.04,16.94,4672.81,77.45,1743.3,15.001,2.0
1297,79.93,16.1,4672.45,77.45,1738.8,15.046,2.0
1298,80.01,15.67,4672.3,77.07,1755.6,15.02,2.0
1299,79.77,15.64,4671.95,77.39,1728.8,15.038,2.0
1300,79.84,15.13,4671.81,77.72,1746.9,15.163,2.0
1301,80.36,15.68,4671.64,77.57,1770.7,15.435,2.0
1302,80.18,15.36,4671.44,77.4,1723.8,14.936,2.0
1303,79.87,15.93,4671.05,77.35,1733.5,14.922,2.0
1304,80.02,16.3,4670.69,78.83,1706.9,14.69,2.0
1305,79.73,15.48,4670.51,78.21,1721.8,14.745,2.0
1306,80.14,15.58,4670.16,78.69,1798.7,15.784,2.0
1307,79.86,16.42,4669.88,77.1,1747.6,14.828,2.0
1308,79.94,14.01,4669.49,77.66,1785.1,15.485,2.0
1309,79.69,16.59,4669.36,78.34,1744.3,15.205,2.0
1310,80.48,14.24,4668.98,78.96,1766.9,15.364,2.0
1311,79.91,17.12,4668.78,77.18,1724.3,14.866,2.0
1312,80.26,17.52,4668.6,78.23,1742.7,14.903,2.0
1313,79.85,15.57,4668.42,78.59,1766.2,15.405,2.0
1314,80.49,15.2,4668.03,77.78,1726.6,14.825,2.0
1315,79.91,15.22,4667.92,78.58,1729.7,15.184,2.0
1316,80.03,17.11,4667.77,77.06,1703.7,14.764,2.0
1317,80.13,15.68,4667.49,78.41,1743.3,15.201,2.0
1318,79.94,15.85,4667.18,77.91,1721.4,14.759,2.0
1319,80.39,15.25,4667.08,78.3,1775.4,15.346,2.0
1320,80.39,16.31,4666.86,78.88,1729.8,15.082,2.0
1321,80.45,16.24,4666.52,79.07,1716.2,14.898,2.0
1322,80.25,15.7,4666.22,78.78,1734.3,14.886,2.0
1323,79.98,17.45,4665.9,78.54,1750.4,15.157,2.0
1324,80.36,15.53,4665.61,78.45,1734.4,14.721,2.0
1325,79.86,16.42,4665.37,78.62,1733.9,14.7,2.0
1326,80.16,16.97,4665.04,78.96,1709.7,14.813,2.0
1327,80.0,17.75,4664.74,77.49,1731.7,15.042,2.0
1328,79.64,15.74,4664.63,77.69,1732.9,14.902,2.0
1329,79.81,16.54,4664.31,78.01,1715.5,14.666,2.0
1330,80.13,15.36,4663.91,78.01,1752.8,15.335,2.0
1331,80.43,14.89,4663.58,78.8,1747.0,15.37,2.0
1332,79.61,17.26,4663.27,77.22,1713.9,14.964,2.0
1333,80.36,14.41,4663.08,77.76,1743.0,15.093,2.0
1334,79.69,17.34,4662.69,78.04,1744.3,15.211,2.0
1335,79.57,16.82,4662.4,77.68,1773.6,15.088,2.0
1336,79.52,16.59,4662.05,77.13,1672.0,14.451,2.0
1337,80.06,14.81,4661.78,77.08,1745.6,15.303,2.0
1338,79.67,15.61,4661.49,77.96,1720.8,14.941,2.0
1339,80.43,16.38,4661.31,77.57,1681.0,14.637,2.0
1340,79.72,15.0,4660.94,78.68,1683.1,14.169,2.0
1341,80.23,15.56,4660.56,78.7,1733.9,14.796,2.0
1342,80.25,14.63,4660.29,77.61,1728.5,15.138,2.0
1343,80.47,17.32,4660.06,78.42,1721.4,14.674,2.0
1344,79.67,15.5,4659.79,78.04,1757.2,15.095,2.0
1345,80.46,16.56,4659.55,79.28,1730.0,15.065,2.0
1346,80.41,14.86,4659.2,78.76,1744.8,15.316,2.0
1347,80.02,13.74,4658.9,78.89,1745.0,14.923,2.0
1348,79.66,17.08,4658.67,77.43,1751.1,15.065,2.0
1349,80.27,16.09,4658.28,79.06,1717.0,15.315,2.0
1350,80.27,15.88,4658.06,79.07,1714.6,14.829,2.0
1351,79.7,16.08,4657.82,77.89,1719.7,14.759,2.0
1352,79.98,16.79,4657.45,78.29,1726.4,14.712,2.0
1353,79.92,14.91,4657.29,77.19,1801.1,15.745,2.0
1354,80.46,13.95,4656.9,78.04,1743.2,15.168,2.0
1355,80.06,16.39,4656.72,77.91,1755.2,15.251,2.0
1356,79.94,15.5,4656.49,77.95,1763.8,14.952,2.0
1357,79.64,16.1,4656.09,76.78,1730.1,14.908,2.0
1358,80.27,16.45,4655.78,79.15,1732.9,15.005,2.0
1359,79.97,17.13,4655.65,77.82,1741.1,14.713,2.0
1360,80.46,14.58,4655.48,79.08,1759.9,15.075,2.0
1361,79.52,16.23,4655.23,77.71,1756.8,15.129,2.0
1362,79.78,16.53,4654.95,78.67,1773.7,15.612,2.0
1363,79.71,16.13,4654.84,77.47,1759.2,15.201,2.0
1364,79.52,17.53,4654.49,77.86,1745.2,14.872,2.0
1365,79.6,14.73,4654.35,77.15,1712.2,14.555,2.0
1366,80.13,14.42,4654.13,78.38,1736.7,15.0,2.0
1367,79.67,16.82,4653.85,76.86,1718.1,14.505,2.0
1368,80.0,15.41,4653.66,77.27,1731.3,15.053,2.0
1369,79.96,17.43,4653.42,77.01,1706.3,14.692,2.0
1370,80.37,14.6,4653.28,78.13,1720.9,15.197,2.0
1371,79.95,15.18,4653.16,77.01,1687.9,14.189,2.0
1372,80.37,16.46,4653.05,78.13,1695.1,14.777,2.0
1373,79.52,17.33,4652.74,78.44,1727.4,14.686,2.0
1374,79.5,16.19,4652.53,76.92,1709.6,14.401,2.0
1375,80.14,14.58,4652.22,78.46,1679.0,14.449,2.0
1376,80.09,18.25,4651.91,77.67,1705.9,14.619,2.0
1377,79.83,16.12,4651.75,78.65,1744.7,15.294,2.0
1378,80.2,16.61,4651.42,77.51,1710.8,14.947,2.0
1379,80.38,15.53,4651.29,78.37,1739.6,15.205,2.0
1380,79.54,15.97,4651.15,77.97,1719.0,15.128,2.0
1381,79.55,16.18,4650.98,76.88,1813.3,15.602,2.0
1382,79.56,15.81,4650.76,78.34,1725.1,15.027,2.0
1383,79.95,14.64,4650.38,77.29,1701.5,14.389,2.0
1384,79.66,16.67,4650.06,78.17,1750.2,14.788,2.0
1385,79.99,13.86,4649.77,77.61,1731.2,14.697,2.0
1386,79.98,15.08,4649.56,78.27,1696.7,15.003,2.0
1387,79.84,16.86,4649.27,78.66,1695.9,14.557,2.0
1388,80.47,15.63,4648.9,78.94,1709.4,14.974,2.0
1389,79.59,14.74,4648.63,77.06,1724.3,15.088,2.0
1390,80.25,15.88,4648.49,78.08,1746.0,15.317,2.0
1391,79.76,16.09,4648.24,77.87,1694.5,14.798,2.0
1392,80.01,13.81,4648.11,78.01,1771.3,15.231,2.0
1393,80.16,16.69,4647.72,77.44,1757.7,15.245,2.0
1394,80.02,13.8,4647.47,77.48,1704.4,14.869,2.0
1395,79.74,16.6,4647.17,78.39,1774.5,15.22,2.0
1396,80.07,15.66,4647.05,78.48,1728.5,14.649,2.0
1397,80.03,16.02,4646.69,77.57,1707.3,14.817,2.0
1398,79.98,14.09,4646.39,77.33,1728.8,14.987,2.0
1399,79.85,13.84,4646.13,78.63,1734.4,15.13,2.0
1400,80.23,16.1,4646.01,78.69,1764.8,15.314,2.0
1401,79.94,14.68,4645.7,78.61,1737.5,15.135,2.0
1402,79.65,17.1,4645.56,77.43,1726.3,14.937,2.0
1403,79.74,16.65,4645.22,77.84,1733.5,15.058,2.0
1404,80.21,16.21,4644.89,77.96,1697.5,14.529,2.0
1405,80.29,16.25,4644.71,79.21,1719.5,14.657,2.0
1406,79.67,15.2,4644.48,76.83,1738.2,14.852,2.0
1407,80.34,16.85,4644.17,78.02,1716.4,14.731,2.0
1408,80.15,14.96,4643.79,78.48,1711.6,14.439,2.0
1409,80.06,14.88,4643.39,78.37,1743.1,15.237,2.0
1410,80.13,16.0,4643.05,77.22,1697.4,14.494,2.0
1411,79.65,17.63,4642.87,77.39,1746.9,14.828,2.0
1412,80.2,16.25,4642.66,77.79,1729.6,15.016,2.0
1413,79.5,16.25,4642.45,76.88,1733.5,15.346,2.0
1414,80.45,15.74,4642.3,77.72,1733.8,15.126,2.0
1415,80.15,14.95,4642.19,77.49,1695.3,14.652,2.0
1416,79.73,16.98,4641.79,76.77,1738.8,15.005,2.0
1417,80.39,16.61,4641.68,78.65,1711.7,15.04,2.0
1418,79.56,16.17,4641.57,77.66,1742.9,15.145,2.0
1419,79.82,15.76,4641.45,77.71,1695.6,14.493,2.0
1420,80.06,16.38,4641.27,77.75,1746.0,14.683,2.0
1421,79.84,14.97,4641.02,77.12,1723.2,15.058,2.0
1422,79.51,17.27,4640.73,78.5,1739.9,14.833,2.0
1423,80.37,15.49,4640.44,78.29,1719.3,15.145,2.0
1424,79.56,18.29,4640.14,77.89,1747.1,15.157,2.0
1425,80.18,15.48,4639.95,77.47,1760.8,15.28,2.0
1426,80.12,16.89,4639.8,78.99,1718.2,14.83,2.0
1427,80.34,16.29,4639.57,77.42,1712.2,14.479,2.0
1428,79.97,15.88,4639.4,77.93,1739.4,14.662,2.0
1429,80.24,13.65,4639.17,78.09,1740.4,14.984,2.0
1430,79.9,15.21,4638.85,77.62,1742.5,14.869,2.0
1431,79.72,14.92,4638.58,78.55,1735.0,15.298,2.0
1432,80.06,16.16,4638.25,78.31,1727.0,15.075,2.0
1433,79.99,17.34,4638.15,77.91,1753.8,14.901,2.0
1434,80.29,16.51,4638.01,78.57,1754.3,15.219,2.0
1435,80.17,15.55,4637.61,77.21,1729.5,14.85,2.0
1436,80.0,15.83,4637.39,78.23,1724.0,15.018,2.0
1437,80.43,15.96,4637.12,78.81,1768.6,15.195,2.0
1438,79.96,15.86,4636.89,77.48,1732.0,15.264,2.0
1439,79.91,15.69,4636.78,78.05,1740.2,14.919,2.0
1440,80.07,16.08,4636.61,78.78,1759.8,15.085,2.0
1441,80.02,14.71,4636.5,78.02,1736.8,14.855,2.0
1442,80.28,15.48,4636.24,79.21,1747.4,15.105,2.0
1443,79.76,16.38,4636.11,78.07,1736.3,14.965,2.0
1444,79.8,15.82,4636.0,78.26,1720.0,14.793,2.0
1445,80.13,16.01,4635.69,78.6,1749.8,14.852,2.0
1446,79.73,16.69,4635.36,78.19,1739.3,15.183,2.0
1447,80.14,13.6,4635.07,77.85,1738.7,15.259,2.0
1448,79.99,14.42,4634.79,77.59,1704.0,14.417,2.0
1449,80.07,16.95,4634.47,77.86,1720.5,14.814,2.0
1450,79.72,16.37,4634.37,78.4,1718.7,14.878,2.0
1451,79.58,16.26,4634.16,77.49,1732.7,14.716,2.0
1452,79.82,17.41,4633.98,77.06,1754.5,15.246,2.0
1453,79.52,16.46,4633.6,77.7,1706.9,14.5,2.0
1454,79.58,14.59,4633.32,77.78,1718.9,14.874,2.0
1455,79.77,16.2,4633.18,77.76,1719.4,14.98,2.0
1456,80.19,15.94,4632.99,78.83,1761.3,15.334,2.0
1457,79.94,16.96,4632.82,77.01,1725.1,14.809,2.0
1458,80.28,17.84,4632.57,79.19,1720.2,15.013,2.0
1459,80.37,15.83,4632.19,77.79,1738.6,14.764,2.0
1460,80.28,16.95,4632.06,77.77,1713.8,14.775,2.0
1461,79.51,16.74,4631.83,78.15,1715.7,14.42,2.0
1462,80.35,14.84,4631.58,78.01,1708.4,14.645,2.0
1463,80.18,16.65,4631.43,78.6,1755.0,15.271,2.0
1464,80.37,15.69,4631.24,78.98,1721.2,15.108,2.0
1465,79.85,16.81,4630.91,78.17,1710.5,14.812,2.0
1466,80.4,17.32,4630.56,78.72,1756.6,15.383,2.0
1467,79.8,17.21,4630.42,77.42,1765.8,15.859,2.0
1468,80.49,15.63,4630.24,79.37,1707.9,14.801,2.0
1469,79.62,14.99,4629.95,77.67,1712.4,14.804,2.0
1470,80.28,16.66,4629.6,78.47,1760.0,15.198,2.0
1471,80.48,14.17,4629.46,78.32,1738.5,14.82,2.0
1472,79.75,16.6,4629.34,77.92,1707.6,14.774,2.0
1473,80.31,16.13,4629.14,77.86,1727.0,14.99,2.0
1474,80.23,14.46,4628.93,79.2,1744.6,15.048,2.0
1475,79.99,16.51,4628.64,78.01,1713.0,14.959,2.0
1476,80.0,16.62,4628.32,78.46,1755.1,15.767,2.0
1477,79.93,15.74,4628.06,77.92,1733.5,15.339,2.0
1478,80.22,15.88,4627.76,78.0,1739.0,15.196,2.0
1479,79.83,17.96,4627.42,77.98,1736.3,14.687,2.0
1480,80.16,15.45,4627.16,77.33,1729.8,15.314,2.0
1481,80.4,14.86,4626.78,78.22,1711.8,14.921,2.0
1482,80.28,15.53,4626.51,78.01,1698.5,14.477,2.0
1483,80.43,16.04,4626.12,78.62,1729.6,14.888,2.0
1484,80.03,15.06,4625.93,78.96,1748.2,15.034,2.0
1485,79.64,17.27,4625.63,77.91,1771.2,15.407,2.0
1486,79.67,16.04,4625.24,77.01,1749.3,15.114,2.0
1487,79.69,15.79,4625.07,77.51,1730.6,14.739,2.0
1488,79.63,15.15,4624.81,78.34,1734.5,14.857,2.0
1489,80.17,16.31,4624.48,78.03,1755.9,14.834,2.0
1490,79.9,15.41,4624.34,77.42,1736.5,15.021,2.0
1491,80.37,15.24,4624.16,78.86,1742.0,15.092,2.0
1492,79.69,17.98,4624.01,78.2,1712.6,14.418,2.0
1493,79.59,15.9,4623.88,76.6,1702.9,14.967,2.0
1494,80.48,16.35,4623.49,79.33,1718.2,14.734,2.0
1495,79.5,15.12,4623.15,78.42,1683.1,14.385,2.0
1496,79.97,15.3,4622.85,78.96,1751.3,15.228,2.0
1497,80.01,14.25,4622.61,78.34,1739.8,15.213,2.0
1498,79.83,15.04,4622.27,78.58,1739.7,15.198,2.0
1499,80.33,16.55,4622.09,77.4,1726.6,14.972,2.0
1500,79.64,15.31,4621.71,77.72,1708.7,14.764,2.0
1501,80.43,13.85,4621.45,78.24,1740.2,14.876,2.0
1502,79.58,16.48,4621.21,77.78,1731.9,14.841,2.0
1503,80.47,14.19,4620.83,78.45,1704.5,14.552,2.0
1504,79.8,15.46,4620.46,77.01,1746.5,15.224,2.0
1505,80.32,14.0,4620.18,78.4,1708.0,14.438,2.0
1506,79.84,16.27,4619.9,78.4,1686.8,14.73,2.0
1507,79.74,17.85,4619.52,78.5,1735.4,15.164,2.0
1508,80.12,14.04,4619.28,78.23,1768.5,15.278,2.0
1509,79.53,16.65,4618.93,76.89,1718.1,14.939,2.0
1510,80.48,15.01,4618.82,77.89,1761.2,15.134,2.0
1511,80.21,15.21,4618.56,78.5,1750.3,15.25,2.0
1512,79.75,17.06,4618.35,76.8,1723.4,15.108,2.0
1513,79.51,17.83,4618.22,77.93,1764.8,15.206,2.0
1514,80.39,15.45,4618.11,78.61,1744.7,15.003,2.0
1515,79.6,17.34,4617.98,78.52,1715.3,14.884,2.0
1516,79.62,17.55,4617.72,78.45,1725.6,14.994,2.0
1517,79.84,17.0,4617.49,77.49,1755.9,15.47,2.0
1518,80.48,15.46,4617.1,77.68,1742.0,15.013,2.0
1519,79.98,14.53,4616.8,77.63,1717.0,15.04,2.0
1520,80.28,16.14,4616.49,78.35,1751.6,15.418,2.0
1521,80.01,15.37,4616.36,78.6,1714.6,14.996,2.0
1522,79.62,15.82,4616.04,78.46,1744.5,15.177,2.0
1523,79.69,17.77,4615.65,76.85,1731.5,14.699,2.0
1524,80.4,14.7,4615.55,79.06,1765.5,15.351,2.0
1525,80.49,14.8,4615.26,78.43,1765.0,15.282,2.0
1526,80.26,15.54,4614.96,78.31,1740.1,14.98,2.0
1527,79.91,16.21,4614.72,78.12,1736.3,14.989,2.0
1528,80.49,16.83,4614.57,77.89,1759.3,15.0,2.0
1529,80.09,15.69,4614.3,77.19,1704.6,14.883,2.0
1530,79.96,15.92,4614.09,78.47,1760.3,15.323,2.0
1531,79.53,15.93,4613.82,77.77,1739.4,14.846,2.0
1532,79.63,16.51,4613.49,78.43,1729.3,14.599,2.0
1533,79.52,15.92,4613.26,77.76,1763.0,15.162,2.0
1534,80.31,14.64,4612.93,78.74,1740.2,15.156,2.0
1535,79.73,16.66,4612.76,77.14,1768.8,15.28,2.0
1536,79.66,14.34,4612.53,76.9,1712.1,14.401,2.0
1537,79.91,16.71,4612.28,78.32,1751.2,14.867,2.0
1538,79.77,16.23,4612.16,76.82,1715.8,14.951,2.0
1539,80.16,16.47,4612.01,79.0,1747.9,14.857,2.0
1540,79.59,15.85,4611.64,77.27,1762.0,15.493,2.0
1541,79.96,17.37,4611.35,78.22,1701.3,14.712,2.0
1542,80.22,15.72,4611.13,78.1,1720.1,14.626,2.0
1543,79.75,16.72,4610.92,77.04,1756.2,15.315,2.0
1544,80.45,15.77,4610.6,78.5,1741.2,14.778,2.0
1545,79.55,15.6,4610.42,77.91,1768.4,14.816,2.0
1546,80.35,15.92,4610.18,78.25,1711.3,15.096,2.0
1547,79.99,17.31,4609.94,77.36,1746.4,15.421,2.0
1548,80.16,15.36,4609.74,79.1,1738.1,14.963,2.0
1549,80.22,14.47,4609.39,77.23,1745.2,14.812,2.0
1550,80.1,16.28,4609.14,77.83,1757.7,15.17,2.0
1551,79.75,15.59,4609.03,78.1,1716.0,15.181,2.0
1552,79.79,13.96,4608.79,77.58,1720.0,15.059,2.0
1553,80.08,15.83,4608.64,78.08,1718.7,15.071,2.0
1554,79.59,17.21,4608.28,77.89,1736.4,14.86,2.0
1555,80.22,17.84,4608.1,78.35,1731.1,14.793,2.0
1556,80.48,16.39,4607.84,78.68,1737.4,14.942,2.0
1557,79.77,15.22,4607.68,78.2,1736.3,15.36,2.0
1558,80.21,14.87,4607.29,78.71,1736.7,15.176,2.0
1559,79.71,16.87,4607.03,76.83,1700.9,14.938,2.0
1560,80.18,15.67,4606.66,79.0,1722.6,14.811,2.0
1561,80.0,14.07,4606.36,78.0,1729.2,15.012,2.0
1562,79.55,14.64,4606.16,77.31,1691.3,14.628,2.0
1563,79.7,16.48,4605.82,78.41,1756.2,15.274,2.0
1564,80.37,13.81,4605.55,77.65,1748.1,15.062,2.0
1565,79.76,17.44,4605.38,78.24,1739.1,15.132,2.0
1566,79.83,15.82,4605.07,78.32,1759.2,15.35,2.0
1567,80.18,14.83,4604.8,78.43,1718.2,14.767,2.0
1568,80.02,15.02,4604.45,77.44,1734.0,15.179,2.0
1569,79.74,16.75,4604.31,78.09,1734.8,14.72,2.0
1570,79.65,16.41,4604.15,76.98,1711.3,15.137,2.0
1571,79.83,15.45,4603.97,77.29,1737.1,15.049,2.0
1572,79.85,15.24,4603.6,78.29,1757.6,15.272,2.0
1573,79.57,17.63,4603.38,78.25,1721.3,14.899,2.0
1574,79.81,17.39,4603.18,78.05,1765.9,15.735,2.0
1575,80.25,13.58,4603.08,77.66,1689.9,14.585,2.0
1576,80.45,14.26,4602.84,79.03,1745.7,15.132,2.0
1577,79.73,16.11,4602.58,77.83,1729.5,15.084,2.0
1578,79.71,16.01,4602.35,76.75,1729.3,15.144,2.0
1579,80.36,15.61,4602.08,79.34,1746.1,14.972,2.0
1580,79.85,16.28,4601.74,77.03,1727.5,14.949,2.0
1581,79.97,15.71,4601.47,78.58,1754.8,15.303,2.0
1582,80.07,15.95,4601.15,78.62,1691.5,14.547,2.0
1583,80.05,15.9,4600.8,78.55,1744.2,15.182,2.0
1584,80.35,15.58,4600.7,77.81,1714.1,14.706,2.0
1585,80.23,16.62,4600.31,78.99,1702.1,14.671,2.0
1586,79.78,16.49,4600.12,77.82,1709.0,14.54,2.0
1587,80.36,16.2,4599.95,78.06,1723.4,14.79,2.0
1588,79.68,16.74,4599.6,77.34,1728.3,15.091,2.0
1589,80.15,16.32,4599.28,78.75,1712.3,14.628,2.0
1590,80.27,16.46,4599.11,77.3,1749.9,15.237,2.0
1591,79.53,14.96,4598.82,77.31,1729.1,15.018,2.0
1592,79.65,14.99,4598.6,77.87,1740.4,14.992,2.0
1593,80.44,15.83,4598.22,79.13,1732.4,14.486,2.0
1594,79.61,18.08,4597.89,78.54,1725.1,14.655,2.0
1595,79.73,17.62,4597.53,78.33,1726.4,14.893,2.0
1596,80.34,13.83,4597.4,78.8,1731.1,14.84,2.0
1597,80.35,15.29,4597.15,77.96,1744.6,15.121,2.0
1598,79.91,15.66,4597.0,78.54,1725.3,14.668,2.0
1599,80.08,16.78,4596.63,77.62,1749.6,15.15,2.0
1600,79.91,17.0,4596.44,77.69,1731.4,15.44,2.0
1601,80.41,16.68,4596.08,77.91,1769.6,14.783,2.0
1602,80.17,17.82,4595.89,77.33,1739.4,15.443,2.0
1603,79.69,16.96,4595.56,78.04,1734.0,14.835,2.0
1604,80.37,16.06,4595.18,78.13,1758.4,15.448,2.0
1605,80.07,17.01,4594.9,77.34,1723.1,15.002,2.0
1606,79.64,14.58,4594.73,78.08,1740.1,14.78,2.0
1607,80.42,16.68,4594.55,78.39,1709.9,14.519,2.0
1608,79.92,16.0,4594.2,78.75,1754.0,15.111,2.0
1609,80.39,15.5,4593.97,79.37,1720.1,14.82,2.0
1610,79.68,17.06,4593.63,77.94,1702.7,14.729,2.0
1611,80.02,18.24,4593.33,77.88,1708.7,14.745,2.0
1612,80.43,16.99,4593.04,79.1,1746.7,14.974,2.0
1613,79.92,14.48,4592.7,78.77,1695.2,14.777,2.0
1614,79.74,15.17,4592.51,78.28,1776.0,15.622,2.0
1615,80.05,15.46,4592.11,77.41,1685.1,14.295,2.0
1616,80.37,15.05,4591.91,78.02,1751.8,14.827,2.0
1617,80.49,15.24,4591.68,79.13,1740.7,15.183,2.0
1618,79.95,18.26,4591.44,77.33,1697.3,14.655,2.0
1619,80.23,15.1,4591.28,77.67,1734.7,14.896,2.0
1620,80.06,17.51,4590.9,77.46,1732.1,15.073,2.0
1621,79.67,15.88,4590.75,77.64,1791.7,15.772,2.0
1622,79.73,16.49,4590.4,77.53,1699.0,14.587,2.0
1623,80.37,16.16,4590.15,78.35,1712.6,14.883,2.0
1624,79.52,18.37,4590.0,76.54,1725.7,14.98,2.0
1625,79.88,15.1,4589.84,78.09,1745.0,15.487,2.0
1626,79.88,15.82,4589.57,77.39,1727.2,14.964,2.0
1627,80.29,16.6,4589.38,78.21,1729.9,14.501,2.0
1628,80.17,18.18,4589.19,78.88,1723.8,14.801,2.0
1629,80.45,13.54,4588.88,79.21,1732.0,14.707,2.0
1630,79.91,15.26,4588.69,78.41,1756.4,15.282,2.0
1631,79.6,15.37,4588.47,77.09,1717.5,15.163,2.0
1632,80.07,15.74,4588.37,77.88,1754.9,14.771,2.0
1633,79.68,15.66,4588.09,77.01,1765.5,15.361,2.0
1634,80.49,14.76,4587.7,78.42,1742.7,15.072,2.0
1635,79.9,16.02,4587.52,78.01,1718.6,14.612,2.0
1636,79.66,17.12,4587.33,77.65,1715.6,14.905,2.0
1637,79.59,15.89,4586.99,77.59,1728.9,15.158,2.0
1638,80.24,16.05,4586.87,77.67,1734.8,14.972,2.0
1639,79.66,15.62,4586.65,77.31,1727.8,15.084,2.0
1640,79.87,15.07,4586.47,78.76,1753.8,15.037,2.0
1641,79.95,15.36,4586.12,78.69,1740.0,15.058,2.0
1642,80.38,16.25,4585.82,77.54,1730.9,14.774,2.0
1643,79.58,14.04,4585.72,76.92,1782.3,15.546,2.0
1644,79.92,15.48,4585.57,77.93,1772.5,15.387,2.0
1645,79.92,16.42,4585.35,78.16,1739.3,15.307,2.0
1646,79.68,17.22,4585.19,76.98,1719.2,14.922,2.0
1647,79.6,14.35,4584.85,78.42,1730.6,14.91,2.0
1648,80.26,14.44,4584.49,77.4,1756.8,15.261,2.0
1649,80.05,15.95,4584.15,77.28,1737.1,14.877,2.0
1650,80.12,13.94,4583.98,77.32,1751.1,15.284,2.0
1651,80.17,17.2,4583.81,78.19,1753.3,15.529,2.0
1652,80.18,14.36,4583.55,77.51,1727.9,14.957,2.0
1653,79.65,14.5,4583.28,77.18,1760.2,15.772,2.0
1654,79.9,14.06,4583.15,78.84,1697.8,14.419,2.0
1655,80.44,15.48,4582.96,77.98,1720.9,15.252,2.0
1656,79.57,16.46,4582.81,78.48,1712.4,14.732,2.0
1657,80.23,18.78,4582.5,77.6,1746.0,14.968,2.0
1658,80.23,16.48,4582.39,79.1,1767.1,15.224,2.0
1659,79.88,15.19,4582.22,76.96,1722.6,15.247,2.0
1660,80.19,16.09,4581.89,78.01,1738.1,14.966,2.0
1661,79.57,16.81,4581.66,78.01,1695.4,14.859,2.0
1662,79.55,16.54,4581.55,78.27,1761.9,15.173,2.0
1663,79.74,16.94,4581.24,77.35,1738.3,15.262,2.0
1664,80.38,15.7,4581.09,78.65,1717.5,14.846,2.0
1665,79.51,16.5,4580.79,76.97,1728.8,15.229,2.0
1666,80.28,17.08,4580.52,77.88,1753.7,15.052,2.0
1667,80.09,15.41,4580.41,78.73,1748.7,15.018,2.0
1668,79.79,16.23,4580.28,77.43,1750.2,15.054,2.0
1669,80.02,16.8,4579.99,77.27,1738.4,14.617,2.0
1670,79.89,16.36,4579.8,77.9,1729.9,14.576,2.0
1671,80.3,15.92,4579.54,79.03,1699.3,14.666,2.0
1672,80.11,16.04,4579.34,78.03,1738.9,14.852,2.0
1673,80.34,16.1,4579.1,78.83,1722.2,15.082,2.0
1674,80.11,16.18,4578.78,78.8,1782.6,15.785,2.0
1675,80.19,15.48,4578.59,77.89,1750.2,15.293,2.0
1676,80.01,16.18,4578.28,77.06,1704.7,14.718,2.0
1677,79.64,15.99,4577.91,78.23,1747.4,14.799,2.0
1678,79.64,15.38,4577.78,78.22,1679.8,14.981,2.0
1679,80.16,16.43,4577.47,78.62,1741.4,15.409,2.0
1680,80.26,14.89,4577.32,78.94,1714.2,14.726,2.0
1681,79.77,17.83,4576.98,77.7,1754.3,15.482,2.0
1682,80.37,14.97,4576.58,77.77,1723.5,14.73,2.0
1683,80.22,15.3,4576.42,78.97,1724.4,15.196,2.0
1684,80.19,16.87,4576.2,77.93,1717.1,14.946,2.0
1685,80.36,14.06,4575.94,79.19,1779.5,15.675,2.0
1686,79.96,14.78,4575.77,78.85,1737.5,15.307,2.0
1687,79.61,17.81,4575.49,76.74,1731.9,15.128,2.0
1688,79.6,15.23,4575.24,77.01,1703.8,14.551,2.0
1689,80.11,14.11,4574.85,77.7,1724.2,15.104,2.0
1690,80.5,16.27,4574.51,77.78,1730.3,15.14,2.0
1691,80.07,15.72,4574.24,78.73,1710.9,15.2,2.0
1692,79.93,16.27,4574.08,78.26,1708.2,14.89,2.0
1693,79.83,14.59,4573.85,77.7,1709.2,14.8,2.0
1694,79.8,14.65,4573.45,77.21,1752.3,15.658,2.0
1695,79.87,15.88,4573.24,77.14,1738.5,15.107,2.0
1696,80.43,14.91,4573.05,77.53,1747.8,14.83,2.0
1697,79.72,15.89,4572.71,78.55,1711.4,14.987,2.0
1698,79.66,16.3,4572.49,76.94,1770.8,15.332,2.0
1699,80.35,14.34,4572.21,78.52,1757.4,15.386,2.0
1700,79.79,17.04,4572.07,77.82,1720.0,14.737,2.0
1701,80.47,17.41,4571.72,78.01,1720.2,14.986,2.0
1702,80.24,15.43,4571.33,79.05,1728.9,14.875,2.0
1703,80.06,16.85,4570.96,78.82,1766.4,15.439,2.0
1704,79.5,15.47,4570.62,76.56,1760.4,15.252,2.0
1705,80.05,15.77,4570.47,77.96,1758.7,15.114,2.0
1706,80.16,15.38,4570.08,77.87,1711.3,14.885,2.0
1707,80.44,15.61,4569.94,79.01,1759.1,14.957,2.0
1708,80.24,15.64,4569.69,77.31,1733.6,14.933,2.0
1709,79.9,15.96,4569.3,78.44,1718.6,14.681,2.0
1710,80.23,16.63,4569.14,78.53,1756.1,15.264,2.0
1711,79.68,16.93,4568.9,77.32,1713.5,14.86,2.0
1712,80.48,16.98,4568.57,77.78,1742.9,15.003,2.0
1713,80.03,15.08,4568.28,78.02,1722.3,14.594,2.0
1714,79.61,17.25,4568.0,77.54,1731.2,14.919,2.0
1715,79.82,15.92,4567.82,77.62,1740.5,15.151,2.0
1716,79.92,14.8,4567.58,78.9,1720.7,15.099,2.0
1717,80.2,16.41,4567.33,77.72,1728.7,14.898,2.0
1718,80.01,17.31,4567.14,77.87,1711.8,15.0,2.0
1719,80.23,16.54,4566.78,77.59,1695.2,14.155,2.0
1720,80.48,17.9,4566.4,78.94,1734.9,15.104,2.0
1721,80.35,16.26,4566.29,78.67,1728.9,14.864,2.0
1722,80.27,16.36,4566.11,77.95,1736.9,15.116,2.0
1723,80.02,16.86,4565.89,77.19,1757.3,15.363,2.0
1724,79.73,17.86,4565.52,78.11,1693.2,14.437,2.0
1725,79.85,16.62,4565.26,77.9,1744.0,15.395,2.0
1726,79.86,15.93,4564.94,77.4,1739.4,15.025,2.0
1727,79.74,15.33,4564.65,77.81,1719.0,14.79,2.0
1728,79.77,15.55,4564.44,77.95,1740.3,15.456,2.0
1729,79.55,17.23,4564.28,77.96,1726.2,14.867,2.0
1730,79.58,17.7,4564.12,76.77,1721.5,15.137,2.0
1731,79.57,16.67,4563.83,76.76,1725.3,15.1,2.0
1732,80.24,16.36,4563.48,79.21,1713.9,14.729,2.0
1733,79.57,16.74,4563.22,77.85,1741.8,14.942,2.0
1734,80.22,16.12,4562.92,78.12,1738.2,14.83,2.0
1735,80.16,16.29,4562.56,77.42,1730.7,15.311,2.0
1736,80.42,15.61,4562.31,78.64,1770.0,15.405,2.0
1737,79.81,15.75,4562.03,77.78,1704.5,14.74,2.0
1738,80.36,15.67,4561.73,78.08,1742.6,15.203,2.0
1739,79.57,14.88,4561.61,77.3,1725.7,14.875,2.0
1740,79.52,16.43,4561.24,77.61,1708.5,14.592,2.0
1741,80.35,17.2,4560.92,77.68,1686.8,14.554,2.0
1742,79.95,15.15,4560.7,78.23,1755.2,15.335,2.0
1743,80.02,14.78,4560.36,78.72,1720.2,14.702,2.0
1744,80.48,17.02,4560.25,78.98,1736.5,14.695,2.0
1745,80.44,15.99,4560.13,78.7,1747.1,15.211,2.0
1746,79.69,17.55,4559.98,76.84,1754.6,15.546,2.0
1747,80.38,16.46,4559.66,78.57,1700.8,14.469,2.0
1748,80.4,15.57,4559.52,77.57,1727.6,14.929,2.0
1749,80.0,16.32,4559.18,78.18,1730.1,14.849,2.0
1750,80.46,15.86,4558.96,78.88,1746.6,15.14,2.0
1751,79.82,16.23,4558.67,78.48,1722.3,15.046,2.0
1752,79.95,15.7,4558.3,77.75,1750.0,15.159,2.0
1753,79.66,13.9,4558.18,77.45,1691.3,14.535,2.0
1754,79.68,16.09,4557.82,77.96,1696.2,14.459,2.0
1755,80.09,16.04,4557.55,77.34,1749.4,15.023,2.0
1756,80.36,15.28,4557.34,77.44,1708.9,14.711,2.0
1757,80.25,16.89,4556.94,78.53,1694.3,14.891,2.0
1758,79.99,14.68,4556.65,77.67,1713.4,14.892,2.0
1759,80.07,15.58,4556.47,77.46,1737.3,14.771,2.0
1760,79.65,17.29,4556.21,77.39,1739.4,15.049,2.0
1761,79.56,18.04,4556.09,77.02,1705.6,14.94,2.0
1762,80.15,16.14,4555.95,78.59,1718.2,15.19,2.0
1763,80.28,16.39,4555.83,77.62,1700.7,14.819,2.0
1764,80.46,15.53,4555.57,78.87,1732.8,15.339,2.0
1765,80.04,15.9,4555.18,78.06,1752.9,14.809,2.0
1766,79.77,15.49,4554.95,77.21,1737.6,14.631,2.0
1767,79.84,15.8,4554.64,77.12,1734.0,14.8,2.0
1768,80.19,15.9,4554.29,77.56,1698.2,14.467,2.0
1769,79.57,14.55,4553.98,77.99,1774.4,15.545,2.0
1770,80.12,15.39,4553.79,77.61,1722.1,14.659,2.0
1771,80.27,14.98,4553.67,78.2,1714.5,14.818,2.0
1772,80.17,15.5,4553.31,77.63,1755.6,15.262,2.0
1773,80.04,14.76,4553.2,78.16,1724.3,14.761,2.0
1774,80.2,17.16,4553.0,78.59,1704.1,14.983,2.0
1775,79.79,16.17,4552.65,77.5,1718.6,14.643,2.0
1776,79.88,16.26,4552.3,77.24,1730.1,15.036,2.0
1777,80.39,14.5,4552.13,79.23,1718.4,14.86,2.0
1778,80.1,17.78,4551.74,78.13,1725.8,14.876,2.0
1779,79.63,17.75,4551.41,78.31,1718.9,14.72,2.0
1780,79.87,15.9,4551.24,77.88,1703.6,14.872,2.0
1781,80.38,15.47,4551.02,77.39,1728.0,15.138,2.0
1782,80.39,17.02,4550.9,79.34,1762.0,15.479,2.0
1783,80.41,15.62,4550.58,78.96,1757.9,15.289,2.0
1784,79.98,16.03,4550.28,78.03,1729.3,14.974,2.0
1785,79.68,16.16,4549.96,77.46,1696.7,14.644,2.0
1786,80.34,13.29,4549.72,78.34,1710.4,14.528,2.0
1787,80.13,16.07,4549.37,78.4,1749.5,14.974,2.0
1788,80.47,15.88,4548.98,77.47,1724.7,14.916,2.0
1789,79.69,16.43,4548.82,77.18,1737.0,15.011,2.0
1790,79.62,18.54,4548.44,77.81,1733.6,15.178,2.0
1791,80.22,16.01,4548.26,78.2,1754.2,15.01,2.0
1792,80.2,16.47,4547.94,77.86,1729.4,15.043,2.0
1793,80.36,15.22,4547.77,78.18,1739.2,15.228,2.0
1794,80.08,14.82,4547.62,77.97,1723.6,14.941,2.0
1795,79.65,15.44,4547.24,77.15,1712.1,14.859,2.0
1796,80.12,15.11,4546.88,78.13,1740.0,15.246,2.0
1797,79.69,15.51,4546.66,78.15,1692.7,14.461,2.0
1798,80.1,17.68,4546.52,77.75,1725.7,14.738,2.0
1799,80.4,15.47,4546.21,79.11,1733.4,14.831,2.0
1800,80.84,15.18,4546.07,77.92,1717.6,14.692,3.0
1801,81.7,15.04,4545.89,78.72,1703.8,14.761,3.0
1802,82.61,13.22,4545.64,80.83,1699.5,14.39,3.0
1803,83.39,13.27,4545.49,81.75,1743.0,14.971,3.0
1804,83.6,15.14,4545.22,81.38,1762.0,15.087,3.0
1805,83.98,13.03,4544.9,82.01,1744.2,15.236,3.0
1806,84.49,12.45,4544.54,81.68,1653.8,14.0,3.0
1807,85.14,11.62,4544.28,83.4,1767.8,15.452,3.0
1808,85.93,12.13,4543.97,84.91,1781.3,15.778,3.0
1809,86.39,10.69,4543.74,84.87,1766.0,15.792,3.0
1810,87.16,10.0,4543.54,86.15,1761.9,15.132,3.0
1811,87.45,10.0,4543.32,85.83,1766.1,15.839,3.0
1812,88.3,10.96,4543.11,85.66,1779.5,15.749,3.0
1813,88.68,10.0,4542.75,87.17,1767.3,15.606,3.0
1814,88.92,10.0,4542.37,86.41,1682.7,14.198,3.0
1815,89.68,10.0,4542.16,87.81,1718.2,14.992,3.0
1816,90.19,10.0,4541.93,87.26,1695.3,14.539,3.0
1817,90.85,10.0,4541.77,89.56,1759.5,15.85,3.0
1818,91.72,10.0,4541.63,90.37,1753.7,15.477,3.0
1819,92.18,10.0,4541.49,89.88,1776.1,15.51,3.0
1820,92.47,10.0,4541.33,90.13,1687.2,14.344,3.0
1821,93.23,10.0,4540.97,91.61,1797.6,16.0,3.0
1822,94.03,10.0,4540.76,91.79,1745.3,15.163,3.0
1823,94.92,10.0,4540.43,92.08,1758.3,15.491,3.0
1824,95.61,10.0,4540.1,94.3,1676.6,14.142,3.0
1825,96.43,10.0,4539.72,93.63,1732.4,14.875,3.0
1826,96.9,10.0,4539.39,94.0,1679.4,14.519,3.0
1827,97.42,10.0,4539.15,95.92,1762.6,15.868,3.0
1828,98.18,10.0,4538.82,95.43,1753.8,15.822,3.0
1829,98.99,10.0,4538.58,97.46,1771.4,15.771,3.0
1830,99.73,10.0,4538.29,96.77,1768.3,15.596,3.0
1831,99.95,10.0,4538.18,97.89,1760.2,15.159,3.0
1832,100.67,10.0,4537.91,99.55,1739.2,14.861,3.0
1833,101.5,10.0,4537.57,98.96,1711.5,14.279,3.0
1834,102.01,10.0,4537.39,99.45,1739.6,15.41,3.0
1835,102.55,10.0,4537.05,99.67,1678.8,14.091,3.0
1836,103.32,10.0,4536.88,101.74,1693.8,14.649,3.0
1837,104.16,10.0,4536.6,102.45,1680.5,14.039,3.0
1838,105.06,10.0,4536.35,104.06,1769.7,15.543,3.0
1839,105.49,10.0,4536.02,102.93,1736.3,15.378,3.0
1840,106.12,10.0,4535.64,104.43,1746.2,15.448,3.0
1841,107.0,10.0,4535.47,105.92,1752.6,15.274,3.0
1842,107.75,10.0,4535.26,105.75,1787.0,15.738,3.0
1843,108.75,10.0,4535.04,106.41,1782.7,15.629,3.0
1844,109.48,10.0,4534.91,108.28,1694.2,14.336,3.0
1845,109.96,10.0,4534.52,107.13,1758.7,15.925,3.0
1846,110.84,10.0,4534.22,109.75,1736.9,15.341,3.0
1847,111.52,10.0,4533.98,109.78,1694.6,14.041,3.0
1848,112.25,10.0,4533.81,109.66,1700.5,14.302,3.0
1849,113.03,10.0,4533.56,110.5,1784.0,15.747,3.0
1850,114.01,10.0,4533.35,112.58,1745.3,15.136,3.0
1851,114.66,10.0,4533.23,111.67,1765.6,15.322,3.0
1852,115.19,10.0,4532.89,112.62,1697.6,14.684,3.0
1853,116.18,10.0,4532.59,114.51,1774.4,15.726,3.0
1854,117.04,10.0,4532.32,114.53,1688.9,14.766,3.0
1855,117.86,10.0,4532.14,115.79,1699.5,14.094,3.0
1856,118.19,10.0,4532.01,115.45,1659.3,14.096,3.0
1857,118.59,10.0,4531.69,115.74,1679.8,14.458,3.0
1858,119.45,10.0,4531.39,117.98,1744.4,15.309,3.0
1859,119.98,10.0,4531.21,117.46,1716.6,15.144,3.0
1860,120.35,10.0,4530.98,117.63,1703.3,14.576,3.0
1861,120.85,10.0,4530.59,118.81,1732.7,15.117,3.0
1862,121.08,10.0,4530.35,119.29,1800.9,15.934,3.0
1863,121.62,10.0,4530.11,118.71,1760.0,15.209,3.0
1864,122.32,10.0,4529.95,121.06,1732.4,14.993,3.0
1865,122.77,10.0,4529.61,120.99,1749.1,14.879,3.0
1866,123.37,10.0,4529.22,121.25,1738.6,14.903,3.0
1867,124.29,10.0,4528.98,122.47,1745.3,15.635,3.0
1868,124.81,10.0,4528.66,121.98,1727.7,14.635,3.0
1869,125.23,10.0,4528.37,123.16,1685.6,14.514,3.0
1870,125.78,10.0,4528.23,123.59,1675.1,14.171,3.0
1871,126.28,10.0,4527.93,123.62,1778.5,15.791,3.0
1872,126.81,10.0,4527.71,123.86,1695.1,14.134,3.0
1873,127.75,10.0,4527.54,125.68,1715.0,14.451,3.0
1874,128.27,10.0,4527.24,125.53,1746.5,15.433,3.0
1875,129.04,10.0,4526.89,127.37,1677.9,14.143,3.0
1876,129.9,10.0,4526.51,127.22,1683.4,14.214,3.0
1877,130.85,10.0,4526.35,129.64,1746.2,15.301,3.0
1878,131.44,10.0,4525.99,129.08,1781.4,15.957,3.0
1879,132.07,10.0,4525.87,129.6,1721.9,14.811,3.0
1880,132.69,10.0,4525.63,130.66,1665.0,14.102,3.0
1881,133.4,10.0,4525.26,130.58,1717.2,15.296,3.0
1882,133.9,10.0,4524.88,131.06,1778.6,15.56,3.0
1883,134.27,10.0,4524.65,131.96,1756.6,15.564,3.0
1884,134.84,10.0,4524.36,132.7,1729.2,14.922,3.0
1885,135.76,10.0,4524.11,133.76,1673.2,14.165,3.0
1886,136.0,10.0,4523.71,135.0,1656.4,14.041,3.0
1887,136.99,10.0,4523.58,134.56,1689.3,14.208,3.0
1888,137.66,10.0,4523.26,135.52,1717.9,15.116,3.0
1889,138.42,10.0,4523.04,136.26,1763.2,15.677,3.0
1890,138.9,10.0,4522.79,136.03,1788.3,15.836,3.0
1891,139.47,10.0,4522.65,137.12,1709.7,14.932,3.0
1892,140.19,10.0,4522.48,137.71,1815.7,15.967,3.0
1893,140.74,10.0,4522.35,139.57,1711.1,14.324,3.0
1894,141.62,10.0,4522.17,139.68,1683.0,14.275,3.0
1895,141.9,10.0,4522.0,139.95,1736.9,15.18,3.0
1896,142.28,10.0,4521.75,139.4,1676.1,14.088,3.0
1897,143.21,10.0,4521.4,141.08,1693.4,14.715,3.0
1898,143.65,10.0,4521.21,142.57,1709.2,14.429,3.0
1899,144.22,10.0,4521.02,141.28,1698.1,14.378,3.0
1900,144.67,10.0,4520.64,142.99,1760.5,15.126,3.0
1901,145.22,10.0,4520.26,142.37,1739.6,15.005,3.0
1902,145.87,10.0,4519.99,144.49,1748.6,14.958,3.0
1903,146.7,10.0,4519.71,144.17,1700.9,14.57,3.0
1904,147.38,10.0,4519.52,145.08,1711.3,14.718,3.0
1905,147.7,10.0,4519.38,145.96,1766.5,15.87,3.0
1906,148.05,10.0,4519.04,146.32,1727.4,15.322,3.0
1907,148.86,10.0,4518.65,146.57,1759.4,15.262,3.0
1908,149.59,10.0,4518.4,146.6,1646.4,14.192,3.0
1909,150.09,10.0,4518.23,148.01,1732.7,14.58,3.0
1910,150.53,10.0,4518.11,148.26,1734.4,15.25,3.0
1911,151.0,10.0,4517.94,149.62,1781.1,15.65,3.0
1912,151.92,10.0,4517.6,150.29,1748.6,14.949,3.0
1913,152.77,10.0,4517.34,151.66,1703.4,14.802,3.0
1914,153.09,10.0,4517.11,150.59,1747.1,15.63,3.0
1915,153.84,10.0,4516.74,151.12,1769.8,15.858,3.0
1916,154.06,10.0,4516.46,152.82,1707.1,14.139,3.0
1917,154.68,10.0,4516.3,153.41,1686.4,14.381,3.0
1918,155.04,10.0,4515.91,153.38,1692.6,14.539,3.0
1919,155.89,10.0,4515.61,153.2,1770.1,15.544,3.0
1920,156.23,10.0,4515.42,153.78,1679.8,14.369,3.0
1921,156.7,10.0,4515.27,154.1,1713.7,14.871,3.0
1922,157.37,10.0,4515.16,155.44,1745.4,15.557,3.0
1923,157.82,10.0,4515.0,156.7,1778.7,15.661,3.0
1924,158.17,10.0,4514.84,155.99,1794.5,15.747,3.0
1925,158.72,10.0,4514.63,157.47,1771.5,15.423,3.0
1926,159.6,10.0,4514.35,157.8,1734.9,15.291,3.0
1927,159.95,10.0,4514.12,157.74,1766.0,15.334,3.0
1928,160.16,10.0,4513.93,157.51,1718.5,15.128,3.0
1929,160.86,10.0,4513.56,158.94,1689.5,14.929,3.0
1930,161.82,10.0,4513.25,159.19,1758.0,15.678,3.0
1931,162.75,10.0,4512.94,159.92,1750.4,15.801,3.0
1932,163.09,10.0,4512.67,161.52,1730.7,14.889,3.0
1933,163.63,10.0,4512.56,160.72,1744.0,15.54,3.0
1934,164.41,10.0,4512.38,163.04,1726.9,15.013,3.0
1935,165.31,10.0,4512.13,162.32,1694.7,14.858,3.0
1936,165.59,10.0,4511.87,163.3,1775.6,15.942,3.0
1937,166.08,10.0,4511.68,163.66,1719.6,14.401,3.0
1938,167.03,10.0,4511.45,164.47,1664.7,14.216,3.0
1939,167.92,10.0,4511.21,166.03,1703.3,14.126,3.0
1940,168.46,10.0,4510.97,167.38,1714.2,15.091,3.0
1941,169.33,10.0,4510.73,166.67,1758.7,15.648,3.0
1942,169.78,10.0,4510.57,168.1,1741.1,15.588,3.0
1943,170.4,10.0,4510.32,167.88,1734.9,15.412,3.0
1944,171.0,10.0,4510.01,169.09,1654.8,14.109,3.0
1945,171.33,10.0,4509.79,169.08,1694.5,14.544,3.0
1946,171.73,10.0,4509.45,169.26,1713.5,15.093,3.0
1947,172.3,10.0,4509.19,171.17,1794.4,15.808,3.0
1948,173.06,10.0,4508.99,170.61,1712.0,14.479,3.0
1949,173.68,10.0,4508.76,171.24,1692.5,14.37,3.0
1950,174.6,10.0,4508.56,172.67,1790.3,15.83,3.0
1951,174.98,10.0,4508.25,172.47,1798.4,15.954,3.0
1952,175.39,10.0,4507.86,172.42,1706.9,14.359,3.0
1953,175.99,10.0,4507.46,174.87,1665.6,14.119,3.0
1954,176.48,10.0,4507.08,174.15,1741.2,15.45,3.0
1955,177.23,10.0,4506.89,175.72,1754.7,15.675,3.0
1956,177.6,10.0,4506.63,175.11,1696.6,14.537,3.0
1957,178.32,10.0,4506.5,177.07,1684.2,14.594,3.0
1958,179.12,10.0,4506.18,176.13,1723.0,14.627,3.0
1959,179.73,10.0,4505.83,176.76,1733.1,15.664,3.0
1960,180.11,10.0,4505.69,178.92,1747.3,15.488,3.0
1961,180.54,10.0,4505.36,179.03,1713.8,14.238,3.0
1962,181.09,10.0,4505.15,178.79,1761.9,15.572,3.0
1963,181.89,10.0,4504.96,179.02,1704.7,14.393,3.0
1964,182.32,10.0,4504.79,180.03,1699.3,14.646,3.0
1965,183.22,10.0,4504.65,181.22,1739.0,15.189,3.0
1966,183.93,10.0,4504.28,181.89,1720.4,14.758,3.0
1967,184.31,10.0,4504.01,181.67,1784.2,15.611,3.0
1968,185.02,10.0,4503.86,183.32,1760.9,15.837,3.0
1969,185.47,10.0,4503.65,183.81,1727.2,15.156,3.0
1970,185.92,10.0,4503.27,183.75,1725.9,14.772,3.0
1971,186.29,10.0,4503.0,184.83,1687.5,14.535,3.0
1972,186.96,10.0,4502.75,185.91,1734.3,14.805,3.0
1973,187.45,10.0,4502.63,185.89,1692.0,14.469,3.0
1974,187.96,10.0,4502.32,186.24,1800.5,15.862,3.0
1975,188.51,10.0,4502.03,185.68,1701.7,14.457,3.0
1976,188.99,10.0,4501.92,187.88,1741.6,15.067,3.0
1977,189.72,10.0,4501.8,187.42,1740.1,14.49,3.0
1978,190.45,10.0,4501.59,187.55,1705.3,14.351,3.0
1979,191.06,10.0,4501.28,189.32,1708.1,14.735,3.0
1980,191.37,10.0,4501.14,189.68,1756.5,15.43,3.0
1981,191.83,10.0,4500.93,189.51,1783.7,15.896,3.0
1982,192.16,10.0,4500.74,190.84,1770.4,15.709,3.0
1983,192.69,10.0,4500.61,191.24,1683.5,14.36,3.0
1984,193.03,10.0,4500.5,190.5,1773.9,15.559,3.0
1985,193.87,10.0,4500.29,192.56,1670.0,14.067,3.0
1986,194.43,10.0,4499.92,193.07,1767.9,15.559,3.0
1987,195.07,10.0,4499.62,193.84,1734.6,14.963,3.0
1988,195.4,10.0,4499.5,193.17,1725.1,14.612,3.0
1989,196.09,10.0,4499.37,193.29,1770.9,15.693,3.0
1990,196.36,10.0,4499.05,194.0,1777.1,15.76,3.0
1991,197.14,10.0,4498.66,195.45,1751.2,14.997,3.0
1992,197.74,10.0,4498.42,195.57,1676.5,14.081,3.0
1993,198.0,10.0,4498.15,196.61,1713.3,14.776,3.0
1994,198.97,10.0,4497.97,197.75,1719.1,14.605,3.0
1995,199.4,10.0,4497.68,196.83,1751.5,15.538,3.0
1996,200.19,10.0,4497.3,198.27,1725.0,15.044,3.0
1997,200.65,10.0,4497.15,197.99,1705.3,14.502,3.0
1998,201.58,10.0,4496.81,199.91,1719.1,14.332,3.0
1999,202.54,10.0,4496.48,201.16,1733.0,14.897,3.0
